대륙,국적,21년총합계,22년총합계,23년총합계,202101,202102,202103,202104,202105,202106,202107,202108,202109,202110,202111,202112,index,202201,202202,202203,202204,202205,202206,202207,202208,202209,202210,202211,202212,202301,202302,202303,202304,202305,202306,202307,202308,202309,202310,202311,202312
남아메리카주,가이아나,5.0,34.0,146.0,1.0,1.0,0.0,0.0,0.0,1.0,0.0,2.0,0.0,0.0,0.0,0.0,1.0,2.0,1.0,0.0,1.0,3.0,0.0,6.0,4.0,4.0,5.0,5.0,3.0,2.0,9.0,6.0,5.0,10.0,9.0,21.0,13.0,13.0,32.0,25.0,1.0
남아메리카주,과테말라,78.0,377.0,1139.0,6.0,3.0,6.0,0.0,5.0,4.0,8.0,15.0,15.0,4.0,9.0,3.0,2.0,6.0,13.0,6.0,11.0,20.0,18.0,32.0,43.0,29.0,83.0,78.0,38.0,43.0,52.0,65.0,61.0,110.0,111.0,93.0,114.0,93.0,172.0,150.0,75.0
남아메리카주,그레나다,4.0,59.0,187.0,1.0,0.0,0.0,0.0,0.0,0.0,1.0,1.0,1.0,0.0,0.0,0.0,3.0,0.0,0.0,0.0,0.0,2.0,1.0,3.0,8.0,6.0,13.0,5.0,21.0,5.0,11.0,13.0,20.0,22.0,18.0,25.0,6.0,18.0,28.0,12.0,9.0
남아메리카주,니카라과,19.0,86.0,706.0,2.0,2.0,1.0,1.0,0.0,4.0,1.0,3.0,2.0,1.0,0.0,2.0,4.0,2.0,2.0,1.0,3.0,8.0,3.0,12.0,12.0,13.0,13.0,9.0,8.0,10.0,6.0,57.0,110.0,105.0,96.0,111.0,60.0,44.0,57.0,39.0,11.0
남아메리카주,도미니카공화국,89.0,395.0,1219.0,14.0,9.0,2.0,7.0,4.0,10.0,9.0,10.0,8.0,8.0,3.0,5.0,5.0,20.0,15.0,8.0,26.0,33.0,19.0,30.0,32.0,41.0,77.0,53.0,41.0,57.0,63.0,91.0,113.0,121.0,92.0,135.0,127.0,116.0,165.0,90.0,49.0
남아메리카주,도미니카연방,21.0,149.0,439.0,2.0,0.0,1.0,2.0,0.0,1.0,1.0,2.0,3.0,5.0,2.0,2.0,6.0,1.0,4.0,4.0,5.0,8.0,12.0,12.0,20.0,20.0,24.0,19.0,20.0,14.0,26.0,28.0,33.0,38.0,30.0,48.0,48.0,41.0,57.0,52.0,24.0
남아메리카주,멕시코,3559.0,8918.0,22573.0,295.0,330.0,274.0,296.0,368.0,229.0,251.0,431.0,294.0,262.0,287.0,242.0,7.0,275.0,461.0,307.0,531.0,601.0,569.0,676.0,925.0,1100.0,1316.0,1132.0,1025.0,844.0,880.0,1458.0,2547.0,1766.0,1601.0,2886.0,2158.0,2177.0,2681.0,2018.0,1557.0
남아메리카주,미국인근섬,0.0,0.0,1.0,0.0,0.0,0.0,0.0,0.0,0.0,0.0,0.0,0.0,0.0,0.0,0.0,0.0,0.0,0.0,0.0,0.0,0.0,0.0,0.0,0.0,0.0,0.0,0.0,0.0,1.0,0.0,0.0,0.0,0.0,0.0,0.0,0.0,0.0,0.0,0.0,0.0
남아메리카주,바베이도스,9.0,55.0,142.0,0.0,0.0,1.0,1.0,1.0,0.0,0.0,2.0,0.0,0.0,3.0,1.0,8.0,0.0,2.0,3.0,3.0,4.0,4.0,5.0,4.0,13.0,10.0,5.0,2.0,4.0,7.0,9.0,18.0,21.0,13.0,16.0,15.0,12.0,8.0,13.0,6.0
남아메리카주,바하마,10.0,43.0,98.0,0.0,1.0,0.0,1.0,2.0,1.0,1.0,1.0,1.0,1.0,0.0,1.0,9.0,1.0,1.0,0.0,1.0,0.0,1.0,5.0,9.0,6.0,7.0,9.0,3.0,1.0,5.0,10.0,9.0,10.0,6.0,4.0,5.0,17.0,7.0,19.0,5.0
남아메리카주,베네수엘라,338.0,688.0,1417.0,50.0,34.0,16.0,17.0,16.0,28.0,27.0,36.0,23.0,24.0,37.0,30.0,10.0,27.0,37.0,30.0,47.0,39.0,41.0,57.0,66.0,76.0,109.0,69.0,90.0,82.0,83.0,100.0,122.0,119.0,99.0,160.0,128.0,148.0,163.0,123.0,90.0
남아메리카주,벨리즈,7.0,42.0,84.0,0.0,0.0,0.0,2.0,1.0,0.0,0.0,2.0,0.0,2.0,0.0,0.0,11.0,2.0,1.0,2.0,0.0,1.0,3.0,1.0,1.0,13.0,4.0,11.0,3.0,1.0,5.0,2.0,6.0,6.0,5.0,22.0,7.0,3.0,16.0,10.0,1.0
남아메리카주,볼리비아,79.0,273.0,524.0,2.0,7.0,9.0,6.0,5.0,5.0,1.0,15.0,13.0,7.0,4.0,5.0,12.0,11.0,12.0,9.0,13.0,14.0,5.0,13.0,36.0,39.0,61.0,35.0,25.0,13.0,23.0,41.0,31.0,37.0,41.0,89.0,92.0,33.0,69.0,28.0,27.0
남아메리카주,브라질,1798.0,8860.0,23396.0,156.0,157.0,132.0,96.0,114.0,114.0,155.0,228.0,112.0,187.0,178.0,169.0,13.0,217.0,275.0,203.0,415.0,590.0,734.0,768.0,908.0,935.0,1452.0,1164.0,1199.0,1155.0,1054.0,1636.0,2205.0,2101.0,1499.0,2979.0,2006.0,1957.0,2863.0,2208.0,1733.0
남아메리카주,세인트루시아,4.0,34.0,228.0,1.0,0.0,1.0,0.0,1.0,0.0,0.0,1.0,0.0,0.0,0.0,0.0,14.0,0.0,0.0,0.0,0.0,5.0,0.0,2.0,2.0,9.0,7.0,6.0,3.0,5.0,4.0,23.0,31.0,22.0,27.0,41.0,10.0,18.0,19.0,20.0,8.0
남아메리카주,세인트빈센트그레나딘,20.0,22.0,112.0,0.0,2.0,2.0,3.0,0.0,3.0,2.0,3.0,0.0,3.0,1.0,1.0,15.0,0.0,1.0,1.0,0.0,2.0,2.0,4.0,2.0,5.0,1.0,4.0,0.0,3.0,7.0,4.0,13.0,10.0,7.0,26.0,2.0,7.0,19.0,14.0,0.0
남아메리카주,세인트크리스토퍼네비스,14.0,202.0,581.0,0.0,0.0,0.0,2.0,0.0,1.0,2.0,3.0,2.0,0.0,3.0,1.0,16.0,0.0,2.0,1.0,8.0,6.0,13.0,39.0,15.0,21.0,35.0,25.0,37.0,21.0,29.0,48.0,51.0,46.0,57.0,61.0,63.0,54.0,63.0,43.0,45.0
남아메리카주,수리남,3.0,14.0,97.0,0.0,1.0,0.0,1.0,0.0,0.0,0.0,1.0,0.0,0.0,0.0,0.0,17.0,0.0,0.0,0.0,0.0,1.0,0.0,0.0,1.0,6.0,3.0,1.0,2.0,1.0,10.0,4.0,6.0,3.0,7.0,3.0,13.0,28.0,10.0,8.0,4.0
남아메리카주,아르헨티나,383.0,1755.0,5030.0,22.0,25.0,33.0,19.0,25.0,26.0,59.0,28.0,28.0,42.0,47.0,29.0,18.0,27.0,26.0,36.0,87.0,116.0,119.0,157.0,178.0,219.0,355.0,200.0,235.0,264.0,220.0,482.0,494.0,518.0,323.0,454.0,335.0,518.0,641.0,471.0,310.0
남아메리카주,아이티,11.0,195.0,110.0,1.0,0.0,0.0,0.0,1.0,0.0,0.0,3.0,1.0,2.0,0.0,3.0,19.0,0.0,2.0,0.0,58.0,106.0,4.0,3.0,5.0,7.0,5.0,2.0,3.0,3.0,2.0,7.0,6.0,12.0,4.0,36.0,5.0,11.0,8.0,12.0,4.0
남아메리카주,앤티카바부다,4.0,53.0,180.0,0.0,0.0,0.0,0.0,0.0,0.0,2.0,0.0,0.0,1.0,0.0,1.0,20.0,0.0,0.0,0.0,1.0,0.0,6.0,7.0,3.0,7.0,8.0,5.0,16.0,8.0,9.0,12.0,14.0,9.0,11.0,21.0,11.0,14.0,28.0,16.0,27.0
남아메리카주,에콰도르,212.0,873.0,2310.0,16.0,20.0,8.0,1.0,9.0,11.0,13.0,42.0,11.0,17.0,46.0,18.0,21.0,17.0,35.0,14.0,37.0,82.0,46.0,54.0,100.0,128.0,162.0,123.0,75.0,83.0,109.0,163.0,248.0,151.0,144.0,415.0,221.0,206.0,329.0,134.0,107.0
남아메리카주,엘살바도르,99.0,364.0,1153.0,7.0,6.0,4.0,6.0,14.0,3.0,9.0,16.0,4.0,11.0,10.0,9.0,22.0,12.0,13.0,12.0,18.0,19.0,21.0,23.0,39.0,52.0,78.0,45.0,32.0,33.0,43.0,67.0,65.0,140.0,140.0,186.0,108.0,89.0,164.0,67.0,51.0
남아메리카주,영령버진아일랜드,0.0,0.0,1.0,0.0,0.0,0.0,0.0,0.0,0.0,0.0,0.0,0.0,0.0,0.0,0.0,0.0,0.0,0.0,0.0,0.0,0.0,0.0,0.0,0.0,0.0,0.0,0.0,0.0,0.0,0.0,0.0,0.0,1.0,0.0,0.0,0.0,0.0,0.0,0.0,0.0
남아메리카주,온두라스,57.0,287.0,2122.0,0.0,1.0,6.0,3.0,3.0,1.0,4.0,8.0,5.0,10.0,14.0,2.0,23.0,6.0,8.0,0.0,14.0,16.0,10.0,65.0,17.0,41.0,40.0,46.0,24.0,21.0,22.0,136.0,108.0,277.0,406.0,280.0,257.0,193.0,255.0,122.0,45.0
남아메리카주,우루과이,46.0,182.0,747.0,7.0,3.0,2.0,2.0,5.0,1.0,3.0,10.0,4.0,4.0,2.0,3.0,24.0,2.0,8.0,3.0,6.0,14.0,9.0,6.0,20.0,31.0,36.0,24.0,23.0,24.0,32.0,107.0,70.0,194.0,37.0,71.0,32.0,62.0,61.0,25.0,32.0
남아메리카주,자메이카,72.0,320.0,787.0,3.0,6.0,5.0,2.0,7.0,2.0,3.0,18.0,5.0,5.0,10.0,6.0,25.0,17.0,9.0,8.0,9.0,15.0,25.0,20.0,52.0,43.0,61.0,29.0,32.0,21.0,24.0,80.0,73.0,67.0,59.0,86.0,71.0,66.0,122.0,78.0,40.0
남아메리카주,칠레,280.0,2039.0,6212.0,30.0,33.0,16.0,12.0,12.0,17.0,20.0,36.0,18.0,27.0,36.0,23.0,26.0,36.0,84.0,31.0,86.0,101.0,166.0,179.0,204.0,254.0,345.0,303.0,250.0,238.0,300.0,460.0,550.0,481.0,387.0,1492.0,437.0,568.0,636.0,443.0,220.0
남아메리카주,코스타리카,120.0,622.0,1636.0,10.0,8.0,7.0,2.0,3.0,5.0,4.0,25.0,7.0,14.0,24.0,11.0,27.0,15.0,10.0,13.0,23.0,24.0,42.0,28.0,62.0,113.0,139.0,100.0,53.0,65.0,54.0,83.0,198.0,137.0,124.0,106.0,126.0,194.0,312.0,170.0,67.0
남아메리카주,콜롬비아,646.0,2823.0,6948.0,30.0,49.0,29.0,20.0,25.0,46.0,44.0,188.0,39.0,56.0,80.0,40.0,28.0,67.0,88.0,41.0,143.0,202.0,216.0,214.0,317.0,373.0,494.0,314.0,354.0,282.0,281.0,537.0,592.0,587.0,647.0,799.0,607.0,738.0,875.0,592.0,411.0
남아메리카주,쿠바,39.0,95.0,135.0,1.0,2.0,4.0,5.0,3.0,2.0,6.0,5.0,2.0,1.0,5.0,3.0,29.0,3.0,3.0,1.0,1.0,4.0,7.0,21.0,9.0,11.0,14.0,11.0,10.0,9.0,3.0,8.0,11.0,27.0,9.0,14.0,30.0,8.0,6.0,5.0,5.0
남아메리카주,트리니다드토바고,43.0,153.0,332.0,2.0,3.0,2.0,2.0,4.0,5.0,2.0,2.0,3.0,8.0,6.0,4.0,30.0,7.0,4.0,6.0,8.0,12.0,9.0,15.0,18.0,21.0,20.0,20.0,13.0,7.0,17.0,22.0,33.0,19.0,25.0,57.0,46.0,32.0,19.0,34.0,21.0
남아메리카주,파나마,122.0,409.0,1152.0,7.0,6.0,7.0,20.0,10.0,9.0,10.0,12.0,15.0,10.0,10.0,6.0,31.0,11.0,20.0,16.0,22.0,20.0,24.0,27.0,47.0,58.0,63.0,64.0,37.0,37.0,52.0,74.0,117.0,111.0,59.0,120.0,110.0,123.0,182.0,113.0,54.0
남아메리카주,파라과이,74.0,449.0,647.0,6.0,7.0,2.0,2.0,3.0,9.0,5.0,9.0,7.0,12.0,9.0,3.0,32.0,5.0,11.0,4.0,12.0,33.0,62.0,37.0,49.0,66.0,93.0,50.0,27.0,24.0,39.0,47.0,53.0,78.0,46.0,108.0,45.0,67.0,75.0,42.0,23.0
남아메리카주,페루,309.0,1523.0,4984.0,14.0,26.0,22.0,5.0,14.0,17.0,28.0,52.0,34.0,42.0,34.0,21.0,33.0,40.0,44.0,42.0,46.0,98.0,83.0,120.0,175.0,168.0,257.0,274.0,176.0,218.0,217.0,318.0,407.0,464.0,485.0,514.0,367.0,637.0,594.0,466.0,297.0
북아메리카주,미국,251203.0,610103.0,1172266.0,15650.0,14825.0,15142.0,15267.0,20641.0,23406.0,27415.0,25793.0,23419.0,25992.0,23795.0,19858.0,34.0,20123.0,21360.0,22817.0,35858.0,46905.0,60140.0,59836.0,57244.0,65181.0,80476.0,71832.0,68331.0,56229.0,52260.0,95729.0,115286.0,108300.0,130163.0,114075.0,91366.0,103210.0,121993.0,99785.0,83870.0
북아메리카주,캐나다,30201.0,94589.0,205369.0,1506.0,1313.0,1342.0,1417.0,1731.0,1757.0,2220.0,2331.0,3762.0,4493.0,4285.0,4044.0,35.0,3524.0,2962.0,2724.0,5626.0,7146.0,7318.0,9054.0,8368.0,11246.0,13366.0,11317.0,11938.0,10187.0,9306.0,17102.0,21032.0,20145.0,15487.0,18666.0,16802.0,19121.0,23006.0,19645.0,14870.0
아시아주,네팔,2584.0,27819.0,38195.0,40.0,39.0,32.0,77.0,62.0,99.0,119.0,131.0,170.0,256.0,380.0,1179.0,36.0,1051.0,1016.0,1526.0,1633.0,2169.0,3240.0,2973.0,3070.0,3070.0,2413.0,3618.0,2040.0,2570.0,3622.0,3995.0,2872.0,3755.0,3925.0,3562.0,3991.0,2011.0,1898.0,2320.0,3674.0
아시아주,라오스,412.0,4537.0,12660.0,4.0,39.0,15.0,12.0,14.0,15.0,17.0,58.0,62.0,39.0,48.0,89.0,37.0,64.0,109.0,28.0,281.0,377.0,135.0,333.0,463.0,662.0,580.0,798.0,707.0,777.0,1140.0,979.0,1653.0,1276.0,836.0,834.0,991.0,767.0,1202.0,985.0,1220.0
아시아주,레바논,380.0,616.0,987.0,23.0,9.0,24.0,29.0,18.0,53.0,22.0,43.0,62.0,28.0,42.0,27.0,38.0,25.0,33.0,26.0,47.0,48.0,71.0,33.0,46.0,58.0,100.0,85.0,44.0,36.0,61.0,65.0,57.0,139.0,76.0,93.0,83.0,101.0,119.0,111.0,46.0
아시아주,마카오,37.0,451.0,27601.0,0.0,4.0,5.0,0.0,2.0,3.0,2.0,2.0,6.0,2.0,5.0,6.0,39.0,3.0,2.0,5.0,6.0,8.0,7.0,17.0,41.0,44.0,76.0,97.0,145.0,251.0,351.0,818.0,1430.0,1951.0,2256.0,3541.0,4420.0,2238.0,2644.0,2947.0,4754.0
아시아주,말레이시아,4596.0,70988.0,261103.0,245.0,397.0,337.0,264.0,259.0,328.0,365.0,572.0,362.0,407.0,598.0,462.0,40.0,572.0,1000.0,642.0,1305.0,2458.0,3463.0,3845.0,4897.0,6433.0,12408.0,13173.0,20792.0,11190.0,16586.0,23644.0,25770.0,21635.0,15882.0,11457.0,15639.0,21964.0,33466.0,30662.0,33208.0
아시아주,몰디브,18.0,112.0,651.0,2.0,0.0,0.0,2.0,4.0,3.0,0.0,1.0,0.0,3.0,1.0,2.0,41.0,3.0,1.0,4.0,2.0,1.0,7.0,10.0,8.0,28.0,15.0,30.0,3.0,2.0,15.0,15.0,16.0,17.0,22.0,260.0,208.0,28.0,21.0,25.0,22.0
아시아주,몽골,6511.0,67146.0,141638.0,139.0,348.0,204.0,165.0,317.0,328.0,376.0,1071.0,1167.0,526.0,472.0,1398.0,42.0,744.0,1328.0,1448.0,1243.0,1408.0,4193.0,6392.0,9771.0,9551.0,8391.0,10350.0,12327.0,13012.0,10424.0,12860.0,10305.0,10371.0,13617.0,11733.0,12824.0,12497.0,10965.0,11493.0,11537.0
아시아주,미얀마,57023.0,66301.0,57212.0,5377.0,4274.0,4788.0,4344.0,4311.0,5003.0,4537.0,4144.0,4079.0,5070.0,5403.0,5693.0,43.0,5228.0,4308.0,4845.0,4742.0,5634.0,5306.0,6678.0,6653.0,5988.0,7240.0,5501.0,4178.0,3253.0,3305.0,5276.0,4203.0,4490.0,4806.0,5034.0,5571.0,5306.0,5276.0,4833.0,5859.0
아시아주,바레인,64.0,288.0,697.0,2.0,4.0,1.0,6.0,2.0,4.0,4.0,26.0,5.0,8.0,2.0,0.0,44.0,3.0,4.0,22.0,3.0,15.0,31.0,14.0,25.0,43.0,51.0,50.0,27.0,29.0,20.0,27.0,57.0,126.0,33.0,90.0,56.0,56.0,88.0,83.0,32.0
아시아주,방글라데시,3059.0,15914.0,20965.0,169.0,111.0,434.0,204.0,253.0,156.0,180.0,154.0,165.0,275.0,348.0,610.0,45.0,748.0,726.0,935.0,1145.0,1138.0,1261.0,1389.0,2047.0,1474.0,1278.0,1928.0,1845.0,1421.0,1522.0,1872.0,1224.0,1834.0,1204.0,2262.0,2303.0,1665.0,2340.0,1475.0,1843.0
아시아주,베트남,25359.0,239269.0,504347.0,1258.0,1855.0,2396.0,1526.0,1945.0,2329.0,1904.0,2132.0,1929.0,1686.0,2321.0,4078.0,46.0,2660.0,6372.0,7579.0,8183.0,11594.0,18572.0,24999.0,31991.0,28367.0,37694.0,32356.0,28902.0,27923.0,42146.0,45663.0,47018.0,35477.0,41756.0,44765.0,47247.0,42858.0,51618.0,41625.0,36251.0
아시아주,부탄,34.0,160.0,431.0,1.0,4.0,8.0,2.0,2.0,0.0,1.0,4.0,5.0,1.0,3.0,3.0,47.0,4.0,4.0,2.0,5.0,10.0,12.0,16.0,20.0,23.0,32.0,20.0,12.0,10.0,14.0,26.0,28.0,55.0,58.0,37.0,49.0,38.0,47.0,31.0,38.0
아시아주,브루나이,121.0,1461.0,6757.0,1.0,2.0,8.0,2.0,1.0,74.0,6.0,11.0,9.0,1.0,5.0,1.0,48.0,5.0,55.0,4.0,1.0,17.0,31.0,48.0,128.0,73.0,97.0,180.0,822.0,304.0,392.0,271.0,601.0,418.0,413.0,396.0,591.0,342.0,573.0,702.0,1754.0
아시아주,사우디아라비아,1240.0,8713.0,17759.0,45.0,97.0,63.0,19.0,62.0,48.0,89.0,167.0,72.0,231.0,169.0,178.0,49.0,142.0,182.0,147.0,72.0,419.0,565.0,869.0,1226.0,960.0,1186.0,2278.0,667.0,549.0,658.0,1405.0,1251.0,1822.0,1711.0,2550.0,1463.0,1525.0,1636.0,1960.0,1229.0
아시아주,스리랑카,4137.0,15713.0,21875.0,227.0,162.0,388.0,309.0,298.0,302.0,339.0,345.0,393.0,352.0,405.0,617.0,50.0,764.0,490.0,835.0,637.0,774.0,1466.0,1441.0,1321.0,1872.0,1933.0,2380.0,1800.0,1543.0,1678.0,2044.0,1362.0,1897.0,1842.0,1633.0,2004.0,2233.0,2098.0,1309.0,2232.0
아시아주,시리아,626.0,1502.0,2435.0,23.0,21.0,62.0,20.0,29.0,31.0,51.0,49.0,121.0,117.0,70.0,32.0,51.0,55.0,105.0,113.0,54.0,100.0,144.0,110.0,198.0,134.0,218.0,153.0,118.0,154.0,133.0,195.0,134.0,229.0,275.0,246.0,273.0,248.0,181.0,237.0,130.0
아시아주,싱가포르,7625.0,165713.0,348736.0,91.0,103.0,91.0,105.0,82.0,102.0,145.0,212.0,208.0,370.0,2429.0,3687.0,52.0,1359.0,1509.0,2472.0,3823.0,6825.0,10498.0,7880.0,7609.0,14909.0,24797.0,33258.0,50774.0,13404.0,12217.0,34403.0,31210.0,30642.0,35449.0,13424.0,15170.0,27000.0,34795.0,44540.0,56482.0
아시아주,아랍에미리트연합,1528.0,4877.0,7558.0,68.0,90.0,87.0,71.0,81.0,100.0,139.0,154.0,147.0,246.0,173.0,172.0,53.0,131.0,213.0,192.0,236.0,287.0,400.0,478.0,466.0,469.0,583.0,579.0,843.0,339.0,433.0,539.0,480.0,695.0,890.0,941.0,616.0,531.0,730.0,620.0,744.0
아시아주,아프가니스탄,621.0,247.0,394.0,17.0,18.0,14.0,13.0,24.0,28.0,20.0,411.0,13.0,32.0,15.0,16.0,54.0,5.0,22.0,10.0,9.0,13.0,34.0,12.0,46.0,29.0,16.0,21.0,30.0,28.0,20.0,24.0,14.0,31.0,29.0,29.0,67.0,32.0,46.0,39.0,35.0
아시아주,영령인도양섬,0.0,0.0,10.0,0.0,0.0,0.0,0.0,0.0,0.0,0.0,0.0,0.0,0.0,0.0,0.0,0.0,0.0,0.0,0.0,0.0,0.0,0.0,0.0,0.0,0.0,0.0,0.0,0.0,0.0,0.0,2.0,3.0,0.0,0.0,0.0,0.0,0.0,2.0,3.0,0.0
아시아주,예멘공화국,197.0,629.0,785.0,8.0,7.0,17.0,12.0,11.0,7.0,12.0,32.0,35.0,15.0,16.0,25.0,55.0,20.0,32.0,24.0,26.0,43.0,67.0,52.0,94.0,85.0,65.0,66.0,55.0,40.0,64.0,67.0,45.0,92.0,54.0,57.0,117.0,69.0,73.0,54.0,53.0
아시아주,오만,106.0,568.0,1130.0,10.0,7.0,4.0,2.0,2.0,6.0,6.0,30.0,4.0,20.0,7.0,8.0,56.0,7.0,13.0,11.0,17.0,65.0,51.0,99.0,66.0,58.0,77.0,69.0,35.0,29.0,33.0,50.0,54.0,130.0,93.0,212.0,82.0,102.0,175.0,109.0,61.0
아시아주,요르단,747.0,1558.0,2293.0,36.0,51.0,57.0,37.0,48.0,47.0,75.0,98.0,93.0,89.0,69.0,47.0,57.0,74.0,97.0,93.0,40.0,80.0,167.0,125.0,169.0,221.0,224.0,167.0,101.0,97.0,166.0,133.0,102.0,237.0,222.0,250.0,214.0,231.0,263.0,217.0,161.0
아시아주,우즈베키스탄,16177.0,42314.0,60170.0,491.0,686.0,1009.0,1538.0,1283.0,1829.0,1950.0,1768.0,2042.0,1445.0,1004.0,1132.0,58.0,1110.0,1756.0,1700.0,1689.0,2727.0,3856.0,4898.0,6697.0,6233.0,4386.0,4078.0,3184.0,4382.0,5238.0,4824.0,3783.0,4085.0,4502.0,5353.0,6974.0,6761.0,5422.0,4696.0,4150.0
아시아주,이라크,771.0,1483.0,2138.0,52.0,60.0,44.0,41.0,48.0,51.0,63.0,142.0,81.0,50.0,61.0,78.0,59.0,40.0,93.0,94.0,125.0,94.0,104.0,143.0,167.0,133.0,204.0,158.0,128.0,120.0,100.0,159.0,109.0,156.0,210.0,227.0,220.0,296.0,225.0,194.0,122.0
아시아주,이란,530.0,2627.0,3401.0,27.0,51.0,46.0,18.0,28.0,21.0,27.0,102.0,52.0,38.0,66.0,54.0,60.0,66.0,129.0,159.0,85.0,151.0,205.0,206.0,337.0,312.0,436.0,334.0,207.0,135.0,165.0,267.0,202.0,308.0,259.0,302.0,349.0,499.0,395.0,267.0,253.0
아시아주,이스라엘,1129.0,6429.0,13657.0,20.0,20.0,38.0,97.0,107.0,110.0,124.0,129.0,49.0,190.0,141.0,104.0,61.0,113.0,106.0,121.0,248.0,458.0,455.0,500.0,488.0,1184.0,1431.0,870.0,455.0,407.0,416.0,1561.0,2285.0,1665.0,1062.0,1189.0,1493.0,1894.0,954.0,404.0,327.0
아시아주,인도,31633.0,66018.0,124736.0,2745.0,2343.0,2982.0,2364.0,1960.0,2094.0,2716.0,3163.0,2764.0,3218.0,2781.0,2503.0,62.0,2921.0,3303.0,3348.0,3191.0,4359.0,5244.0,6764.0,7352.0,7362.0,8049.0,8371.0,5754.0,4655.0,4830.0,8560.0,9849.0,10943.0,11654.0,11225.0,11317.0,11133.0,19585.0,11623.0,9362.0
아시아주,인도네시아,46998.0,108178.0,252473.0,3223.0,3572.0,3625.0,3729.0,4123.0,4571.0,4564.0,4206.0,3053.0,3253.0,3979.0,5100.0,63.0,4591.0,4517.0,4403.0,4419.0,5754.0,8360.0,9125.0,10190.0,9495.0,14864.0,14446.0,18014.0,13026.0,14344.0,18669.0,23402.0,22728.0,22084.0,18145.0,18757.0,17026.0,30577.0,25814.0,27901.0
아시아주,일본,18025.0,309460.0,2345679.0,1566.0,1911.0,1119.0,1090.0,1585.0,1066.0,1091.0,2514.0,1358.0,1507.0,1874.0,1344.0,64.0,1516.0,3309.0,1697.0,2747.0,4382.0,6785.0,13069.0,28734.0,28836.0,68687.0,64005.0,85693.0,70071.0,96723.0,194327.0,130217.0,185770.0,198558.0,213960.0,267386.0,252324.0,257778.0,280566.0,197999.0
아시아주,중국,187908.0,250876.0,2212966.0,8228.0,12710.0,20341.0,18299.0,15487.0,14383.0,15567.0,18022.0,21272.0,16375.0,14125.0,13099.0,146.0,10730.0,17872.0,15766.0,11113.0,12537.0,14458.0,20013.0,32060.0,32054.0,25826.0,27411.0,31036.0,30141.0,53337.0,83868.0,118139.0,143796.0,184234.0,244056.0,292811.0,283265.0,274703.0,236156.0,268460.0
아시아주,카자흐스탄,9504.0,33932.0,51693.0,599.0,934.0,864.0,819.0,754.0,731.0,1056.0,1087.0,1261.0,702.0,399.0,298.0,66.0,270.0,499.0,482.0,974.0,3303.0,5230.0,4886.0,4208.0,3563.0,3265.0,3853.0,3399.0,3027.0,3159.0,4077.0,3877.0,4124.0,4455.0,5414.0,5894.0,5160.0,4916.0,4059.0,3531.0
아시아주,카타르,194.0,1003.0,2044.0,8.0,5.0,12.0,1.0,7.0,25.0,13.0,28.0,13.0,46.0,25.0,11.0,67.0,12.0,13.0,12.0,18.0,88.0,101.0,270.0,91.0,70.0,94.0,118.0,116.0,78.0,72.0,117.0,247.0,171.0,243.0,232.0,175.0,161.0,222.0,149.0,177.0
아시아주,캄보디아,5908.0,28164.0,45631.0,439.0,496.0,589.0,636.0,704.0,559.0,284.0,276.0,397.0,270.0,606.0,652.0,68.0,1012.0,1015.0,1049.0,1286.0,1987.0,1969.0,2294.0,2559.0,3229.0,3803.0,3759.0,4202.0,4346.0,3518.0,3716.0,4838.0,3963.0,3024.0,3445.0,3322.0,3106.0,4689.0,3282.0,4382.0
아시아주,쿠웨이트,62.0,938.0,2751.0,0.0,9.0,1.0,4.0,2.0,2.0,13.0,11.0,3.0,5.0,7.0,5.0,69.0,17.0,4.0,12.0,12.0,50.0,82.0,148.0,175.0,137.0,109.0,130.0,62.0,183.0,101.0,97.0,198.0,247.0,279.0,251.0,489.0,218.0,284.0,252.0,152.0
아시아주,키르기즈,2602.0,6328.0,9621.0,27.0,31.0,95.0,181.0,188.0,204.0,313.0,377.0,292.0,437.0,284.0,173.0,70.0,261.0,183.0,225.0,393.0,351.0,530.0,633.0,925.0,861.0,783.0,705.0,478.0,517.0,619.0,691.0,691.0,804.0,816.0,911.0,1183.0,1171.0,831.0,747.0,640.0
아시아주,키프로스,123.0,335.0,802.0,6.0,6.0,3.0,6.0,6.0,14.0,7.0,14.0,13.0,20.0,14.0,14.0,71.0,13.0,12.0,19.0,20.0,18.0,33.0,34.0,46.0,28.0,48.0,42.0,22.0,17.0,27.0,43.0,109.0,53.0,64.0,95.0,142.0,64.0,85.0,58.0,45.0
아시아주,타이,9351.0,185409.0,391285.0,684.0,458.0,519.0,594.0,736.0,1008.0,795.0,676.0,898.0,935.0,996.0,1052.0,72.0,1368.0,1669.0,1628.0,4008.0,9242.0,17332.0,17427.0,11906.0,14011.0,35024.0,30005.0,41789.0,26894.0,29135.0,44084.0,55509.0,32655.0,25937.0,21133.0,18469.0,24709.0,47424.0,30982.0,34354.0
아시아주,타이완,5779.0,77707.0,978311.0,350.0,544.0,439.0,412.0,475.0,470.0,452.0,738.0,418.0,515.0,536.0,430.0,73.0,488.0,1022.0,523.0,698.0,1008.0,1282.0,2201.0,4871.0,5011.0,11926.0,18768.0,29909.0,51099.0,49131.0,64673.0,78362.0,68065.0,98767.0,105188.0,100709.0,93899.0,98651.0,87698.0,82069.0
아시아주,타지키스탄,1476.0,3709.0,6035.0,32.0,56.0,67.0,119.0,123.0,164.0,123.0,121.0,104.0,172.0,241.0,154.0,74.0,101.0,154.0,143.0,225.0,163.0,172.0,419.0,482.0,655.0,474.0,415.0,306.0,283.0,576.0,522.0,429.0,564.0,532.0,469.0,474.0,552.0,645.0,565.0,424.0
아시아주,터키,5505.0,18490.0,32548.0,332.0,384.0,493.0,372.0,404.0,426.0,500.0,709.0,405.0,617.0,432.0,431.0,76.0,512.0,558.0,590.0,1425.0,2058.0,1620.0,1631.0,2003.0,1792.0,2198.0,2179.0,1924.0,1736.0,1648.0,2228.0,3236.0,2642.0,2999.0,3086.0,3064.0,3275.0,3336.0,2921.0,2377.0
아시아주,투르크메니스탄,72.0,386.0,1080.0,0.0,5.0,0.0,1.0,31.0,11.0,2.0,9.0,2.0,5.0,3.0,3.0,75.0,11.0,23.0,4.0,1.0,4.0,7.0,6.0,47.0,48.0,47.0,112.0,76.0,70.0,36.0,94.0,52.0,115.0,95.0,138.0,85.0,123.0,112.0,93.0,67.0
아시아주,티모르민주공화국,336.0,1620.0,1674.0,8.0,1.0,3.0,47.0,0.0,63.0,6.0,3.0,6.0,73.0,26.0,100.0,77.0,118.0,55.0,109.0,150.0,157.0,123.0,147.0,176.0,166.0,152.0,148.0,119.0,194.0,191.0,140.0,30.0,145.0,169.0,191.0,213.0,198.0,105.0,65.0,33.0
아시아주,파키스탄,2951.0,10588.0,13876.0,200.0,369.0,317.0,474.0,142.0,243.0,140.0,195.0,219.0,135.0,192.0,325.0,78.0,421.0,621.0,620.0,713.0,727.0,800.0,885.0,1145.0,1059.0,1676.0,1017.0,904.0,927.0,1161.0,1266.0,826.0,1105.0,1029.0,1134.0,1405.0,1158.0,1503.0,1054.0,1308.0
아시아주,팔레스타인,66.0,189.0,242.0,2.0,6.0,3.0,5.0,4.0,5.0,8.0,11.0,12.0,5.0,3.0,2.0,79.0,5.0,16.0,7.0,4.0,1.0,19.0,10.0,25.0,23.0,32.0,22.0,25.0,3.0,16.0,13.0,13.0,26.0,24.0,45.0,44.0,30.0,12.0,9.0,7.0
아시아주,필리핀,117316.0,206529.0,356046.0,8186.0,8079.0,9347.0,8493.0,9043.0,9671.0,10364.0,11029.0,9800.0,10768.0,11268.0,11268.0,80.0,9478.0,9244.0,11677.0,12493.0,14630.0,15732.0,18873.0,18367.0,19003.0,27614.0,24656.0,24762.0,17722.0,15603.0,25688.0,36105.0,29090.0,30334.0,27315.0,25665.0,28190.0,44276.0,40023.0,36035.0
아시아주,홍콩,1381.0,60220.0,400313.0,74.0,134.0,96.0,46.0,100.0,83.0,100.0,213.0,138.0,134.0,140.0,123.0,82.0,85.0,282.0,155.0,158.0,326.0,664.0,1237.0,2003.0,3179.0,10970.0,14450.0,26711.0,26605.0,16075.0,26791.0,37617.0,28315.0,31633.0,39274.0,42821.0,30096.0,40955.0,37687.0,42444.0
아프리카주,가나,578.0,1138.0,1682.0,47.0,48.0,46.0,29.0,33.0,56.0,44.0,108.0,45.0,37.0,51.0,34.0,83.0,21.0,64.0,33.0,50.0,52.0,82.0,137.0,170.0,149.0,155.0,145.0,80.0,80.0,90.0,126.0,134.0,144.0,116.0,172.0,179.0,194.0,222.0,119.0,106.0
아프리카주,가봉,25.0,142.0,174.0,2.0,4.0,3.0,0.0,1.0,1.0,2.0,5.0,1.0,5.0,1.0,0.0,84.0,1.0,8.0,5.0,3.0,8.0,5.0,41.0,19.0,12.0,22.0,7.0,11.0,11.0,7.0,11.0,17.0,24.0,17.0,20.0,18.0,17.0,8.0,17.0,7.0
아프리카주,감비아,21.0,91.0,157.0,4.0,2.0,1.0,1.0,2.0,0.0,0.0,3.0,1.0,0.0,6.0,1.0,85.0,2.0,2.0,0.0,8.0,4.0,2.0,10.0,13.0,10.0,20.0,7.0,13.0,9.0,9.0,17.0,14.0,14.0,10.0,34.0,8.0,18.0,16.0,4.0,4.0
아프리카주,기니,27.0,73.0,157.0,3.0,4.0,0.0,1.0,0.0,0.0,2.0,9.0,2.0,1.0,3.0,2.0,86.0,8.0,3.0,3.0,1.0,7.0,4.0,13.0,7.0,5.0,6.0,12.0,4.0,8.0,12.0,18.0,6.0,11.0,9.0,27.0,13.0,23.0,10.0,12.0,8.0
아프리카주,기니비사우,6.0,14.0,30.0,1.0,1.0,0.0,0.0,0.0,0.0,0.0,2.0,0.0,0.0,2.0,0.0,87.0,1.0,0.0,0.0,0.0,2.0,3.0,3.0,1.0,0.0,2.0,0.0,2.0,0.0,2.0,2.0,0.0,1.0,0.0,5.0,14.0,1.0,0.0,3.0,2.0
아프리카주,나미비아,19.0,63.0,151.0,0.0,4.0,2.0,1.0,4.0,1.0,1.0,0.0,2.0,1.0,2.0,1.0,88.0,1.0,1.0,1.0,1.0,5.0,5.0,17.0,4.0,10.0,7.0,5.0,6.0,1.0,0.0,10.0,11.0,12.0,9.0,46.0,4.0,18.0,22.0,16.0,2.0
아프리카주,나이지리아,631.0,1747.0,2020.0,37.0,87.0,66.0,17.0,28.0,27.0,42.0,106.0,69.0,76.0,41.0,35.0,89.0,35.0,86.0,84.0,53.0,194.0,94.0,103.0,207.0,260.0,378.0,118.0,135.0,138.0,149.0,171.0,159.0,165.0,154.0,229.0,244.0,173.0,185.0,133.0,120.0
아프리카주,남수단공화국,6.0,15.0,39.0,0.0,2.0,0.0,0.0,0.0,0.0,0.0,1.0,2.0,1.0,0.0,0.0,90.0,0.0,2.0,0.0,0.0,0.0,0.0,4.0,3.0,4.0,2.0,0.0,0.0,1.0,5.0,0.0,1.0,2.0,1.0,8.0,5.0,10.0,2.0,3.0,1.0
아프리카주,남아프리카공화국,1238.0,5676.0,13004.0,88.0,73.0,63.0,33.0,62.0,114.0,129.0,225.0,117.0,98.0,128.0,108.0,91.0,110.0,446.0,210.0,290.0,375.0,311.0,507.0,887.0,532.0,764.0,483.0,761.0,859.0,970.0,802.0,1098.0,1001.0,1015.0,1435.0,1571.0,1085.0,1323.0,887.0,958.0
아프리카주,니제르,2.0,38.0,32.0,0.0,1.0,0.0,0.0,0.0,0.0,0.0,0.0,0.0,1.0,0.0,0.0,92.0,0.0,0.0,1.0,0.0,4.0,6.0,0.0,16.0,2.0,7.0,2.0,0.0,2.0,1.0,1.0,2.0,8.0,2.0,7.0,0.0,3.0,3.0,3.0,0.0
아프리카주,라이베리아,41.0,112.0,187.0,4.0,3.0,0.0,0.0,3.0,6.0,3.0,9.0,3.0,3.0,2.0,5.0,93.0,0.0,2.0,3.0,4.0,3.0,12.0,27.0,12.0,22.0,12.0,7.0,8.0,13.0,16.0,13.0,18.0,8.0,13.0,36.0,36.0,13.0,7.0,7.0,7.0
아프리카주,레소토,0.0,38.0,89.0,0.0,0.0,0.0,0.0,0.0,0.0,0.0,0.0,0.0,0.0,0.0,0.0,94.0,0.0,2.0,1.0,1.0,13.0,4.0,2.0,0.0,2.0,6.0,2.0,5.0,3.0,3.0,2.0,2.0,0.0,11.0,24.0,17.0,15.0,5.0,6.0,1.0
아프리카주,르완다,112.0,376.0,650.0,15.0,19.0,3.0,2.0,5.0,1.0,1.0,33.0,9.0,11.0,4.0,9.0,95.0,13.0,20.0,10.0,22.0,13.0,15.0,51.0,56.0,48.0,50.0,45.0,33.0,29.0,30.0,46.0,24.0,26.0,56.0,66.0,121.0,125.0,72.0,26.0,29.0
아프리카주,리비아,563.0,1371.0,1911.0,168.0,127.0,27.0,15.0,14.0,22.0,33.0,48.0,34.0,27.0,15.0,33.0,96.0,111.0,163.0,203.0,55.0,88.0,70.0,94.0,105.0,132.0,136.0,102.0,112.0,105.0,142.0,91.0,146.0,245.0,97.0,229.0,206.0,203.0,187.0,138.0,122.0
아프리카주,마다가스카르,31.0,95.0,1611.0,3.0,6.0,1.0,1.0,3.0,0.0,4.0,2.0,3.0,2.0,4.0,2.0,97.0,0.0,4.0,1.0,5.0,4.0,7.0,11.0,20.0,16.0,15.0,8.0,4.0,4.0,11.0,54.0,12.0,205.0,223.0,201.0,287.0,190.0,268.0,151.0,5.0
아프리카주,말라위,30.0,136.0,182.0,11.0,4.0,1.0,0.0,3.0,1.0,5.0,1.0,1.0,0.0,3.0,0.0,98.0,0.0,13.0,7.0,2.0,8.0,2.0,6.0,30.0,5.0,27.0,30.0,6.0,10.0,9.0,9.0,49.0,11.0,15.0,20.0,20.0,16.0,12.0,7.0,4.0
아프리카주,말리,30.0,144.0,136.0,1.0,3.0,0.0,3.0,0.0,1.0,5.0,3.0,3.0,2.0,1.0,8.0,99.0,2.0,4.0,9.0,6.0,17.0,11.0,11.0,25.0,18.0,23.0,7.0,11.0,15.0,6.0,8.0,11.0,14.0,9.0,16.0,13.0,16.0,16.0,7.0,5.0
아프리카주,모로코,938.0,2787.0,4450.0,63.0,105.0,49.0,58.0,45.0,56.0,68.0,161.0,90.0,79.0,98.0,66.0,100.0,77.0,137.0,101.0,92.0,213.0,213.0,223.0,392.0,309.0,368.0,332.0,330.0,211.0,294.0,270.0,262.0,422.0,317.0,421.0,646.0,403.0,442.0,362.0,400.0
아프리카주,모리셔스,34.0,252.0,1680.0,5.0,3.0,5.0,1.0,1.0,0.0,5.0,3.0,2.0,5.0,2.0,2.0,101.0,4.0,7.0,3.0,7.0,14.0,17.0,21.0,30.0,32.0,39.0,36.0,42.0,26.0,25.0,124.0,192.0,227.0,195.0,214.0,140.0,153.0,214.0,127.0,43.0
아프리카주,모리타니,8.0,20.0,60.0,0.0,1.0,0.0,0.0,0.0,0.0,0.0,1.0,2.0,0.0,1.0,3.0,102.0,0.0,1.0,0.0,0.0,1.0,1.0,0.0,3.0,2.0,10.0,1.0,1.0,3.0,1.0,4.0,2.0,1.0,2.0,1.0,33.0,1.0,3.0,6.0,3.0
아프리카주,모잠비크,163.0,161.0,249.0,14.0,2.0,3.0,6.0,3.0,13.0,8.0,18.0,32.0,5.0,59.0,0.0,103.0,13.0,2.0,1.0,2.0,6.0,19.0,11.0,26.0,21.0,30.0,21.0,9.0,2.0,8.0,11.0,32.0,43.0,33.0,43.0,9.0,38.0,19.0,8.0,3.0
아프리카주,베냉,12.0,52.0,95.0,0.0,3.0,1.0,0.0,0.0,0.0,1.0,3.0,1.0,1.0,1.0,1.0,104.0,3.0,1.0,1.0,2.0,5.0,5.0,4.0,11.0,8.0,8.0,3.0,1.0,1.0,3.0,4.0,8.0,9.0,6.0,22.0,8.0,11.0,10.0,3.0,10.0
아프리카주,보츠와나,22.0,129.0,200.0,0.0,2.0,1.0,2.0,1.0,2.0,1.0,9.0,2.0,0.0,2.0,0.0,105.0,4.0,4.0,1.0,7.0,4.0,8.0,27.0,18.0,12.0,20.0,20.0,4.0,4.0,7.0,5.0,24.0,15.0,20.0,43.0,26.0,21.0,17.0,5.0,13.0
아프리카주,부룬디,50.0,188.0,309.0,2.0,9.0,7.0,2.0,0.0,0.0,7.0,7.0,10.0,4.0,0.0,2.0,106.0,2.0,13.0,7.0,15.0,6.0,8.0,11.0,31.0,29.0,42.0,14.0,10.0,16.0,29.0,48.0,12.0,13.0,28.0,34.0,51.0,57.0,15.0,3.0,3.0
아프리카주,부르키나파소,9.0,66.0,127.0,1.0,2.0,1.0,0.0,0.0,0.0,0.0,3.0,1.0,0.0,1.0,0.0,107.0,1.0,2.0,2.0,1.0,8.0,8.0,4.0,12.0,7.0,14.0,7.0,0.0,6.0,3.0,5.0,7.0,11.0,11.0,32.0,15.0,13.0,12.0,10.0,2.0
아프리카주,상투메프린시페,0.0,8.0,19.0,0.0,0.0,0.0,0.0,0.0,0.0,0.0,0.0,0.0,0.0,0.0,0.0,108.0,0.0,0.0,0.0,0.0,3.0,0.0,0.0,2.0,2.0,1.0,0.0,0.0,0.0,0.0,0.0,0.0,1.0,2.0,8.0,0.0,8.0,0.0,0.0,0.0
아프리카주,세네갈,98.0,318.0,496.0,6.0,9.0,9.0,8.0,4.0,4.0,5.0,14.0,7.0,14.0,11.0,7.0,109.0,15.0,21.0,15.0,15.0,12.0,25.0,24.0,48.0,19.0,70.0,41.0,13.0,14.0,23.0,20.0,18.0,69.0,26.0,48.0,45.0,47.0,128.0,45.0,13.0
아프리카주,세이셸,23.0,57.0,97.0,0.0,1.0,3.0,2.0,3.0,0.0,4.0,3.0,1.0,2.0,4.0,0.0,110.0,2.0,5.0,2.0,2.0,3.0,4.0,3.0,3.0,8.0,14.0,7.0,4.0,2.0,10.0,6.0,6.0,10.0,10.0,4.0,13.0,14.0,17.0,2.0,3.0
아프리카주,소말리아,10.0,22.0,48.0,2.0,1.0,1.0,0.0,3.0,0.0,0.0,3.0,0.0,0.0,0.0,0.0,111.0,3.0,0.0,0.0,0.0,2.0,0.0,2.0,5.0,4.0,2.0,2.0,2.0,5.0,3.0,3.0,1.0,3.0,1.0,10.0,7.0,6.0,3.0,4.0,2.0
아프리카주,수단,174.0,449.0,410.0,8.0,6.0,22.0,17.0,3.0,11.0,12.0,40.0,19.0,16.0,4.0,16.0,112.0,6.0,23.0,12.0,19.0,20.0,27.0,31.0,71.0,46.0,80.0,79.0,35.0,50.0,55.0,69.0,18.0,24.0,14.0,22.0,33.0,26.0,34.0,38.0,27.0
아프리카주,시에라리온,38.0,69.0,90.0,5.0,2.0,2.0,3.0,3.0,7.0,6.0,4.0,1.0,3.0,1.0,1.0,113.0,3.0,3.0,2.0,1.0,8.0,9.0,7.0,8.0,3.0,13.0,5.0,7.0,5.0,5.0,3.0,16.0,9.0,3.0,11.0,17.0,9.0,1.0,8.0,3.0
아프리카주,알제리,220.0,744.0,1251.0,19.0,22.0,16.0,12.0,11.0,15.0,16.0,21.0,17.0,11.0,35.0,25.0,114.0,20.0,37.0,33.0,26.0,44.0,39.0,69.0,78.0,98.0,110.0,109.0,81.0,55.0,67.0,55.0,67.0,187.0,84.0,140.0,135.0,124.0,111.0,131.0,95.0
아프리카주,앙골라,49.0,185.0,441.0,4.0,5.0,3.0,8.0,0.0,3.0,4.0,6.0,1.0,11.0,2.0,2.0,115.0,5.0,8.0,7.0,12.0,19.0,7.0,38.0,16.0,24.0,22.0,22.0,5.0,24.0,8.0,22.0,71.0,50.0,11.0,96.0,27.0,92.0,24.0,12.0,4.0
아프리카주,에리트레아,3.0,11.0,27.0,0.0,0.0,0.0,0.0,2.0,1.0,0.0,0.0,0.0,0.0,0.0,0.0,116.0,0.0,1.0,2.0,0.0,0.0,0.0,0.0,1.0,3.0,1.0,2.0,1.0,1.0,0.0,4.0,1.0,4.0,1.0,0.0,4.0,3.0,4.0,5.0,0.0
아프리카주,에스와티니,5.0,67.0,117.0,0.0,1.0,0.0,0.0,1.0,0.0,1.0,2.0,0.0,0.0,0.0,0.0,117.0,0.0,4.0,0.0,3.0,3.0,4.0,7.0,3.0,11.0,22.0,7.0,3.0,1.0,1.0,6.0,20.0,12.0,7.0,15.0,22.0,5.0,14.0,8.0,6.0
아프리카주,에티오피아,3706.0,4973.0,8344.0,318.0,329.0,307.0,301.0,298.0,273.0,299.0,385.0,345.0,359.0,331.0,161.0,118.0,244.0,227.0,228.0,196.0,401.0,409.0,469.0,536.0,513.0,609.0,614.0,527.0,565.0,564.0,631.0,621.0,630.0,607.0,741.0,752.0,737.0,726.0,1000.0,770.0
아프리카주,우간다,150.0,545.0,784.0,18.0,24.0,14.0,3.0,2.0,2.0,10.0,38.0,6.0,8.0,7.0,18.0,119.0,20.0,26.0,16.0,13.0,24.0,19.0,39.0,92.0,84.0,119.0,63.0,30.0,38.0,35.0,41.0,47.0,85.0,54.0,98.0,136.0,81.0,84.0,64.0,21.0
아프리카주,이집트,2044.0,4013.0,5969.0,92.0,100.0,89.0,116.0,134.0,186.0,148.0,244.0,220.0,234.0,248.0,233.0,120.0,200.0,197.0,229.0,187.0,256.0,347.0,332.0,421.0,444.0,559.0,455.0,386.0,321.0,397.0,434.0,311.0,526.0,452.0,539.0,766.0,580.0,670.0,511.0,462.0
아프리카주,잠비아,60.0,200.0,347.0,5.0,13.0,1.0,7.0,6.0,3.0,2.0,16.0,2.0,3.0,1.0,1.0,121.0,1.0,14.0,8.0,9.0,5.0,11.0,39.0,30.0,19.0,35.0,8.0,21.0,13.0,18.0,18.0,47.0,46.0,23.0,37.0,46.0,51.0,27.0,11.0,10.0
아프리카주,적도기니,6.0,26.0,41.0,1.0,1.0,1.0,2.0,0.0,0.0,0.0,0.0,0.0,1.0,0.0,0.0,122.0,0.0,1.0,0.0,2.0,8.0,3.0,1.0,0.0,3.0,4.0,1.0,3.0,0.0,1.0,1.0,1.0,5.0,7.0,8.0,5.0,8.0,0.0,5.0,0.0
아프리카주,중앙아프리카공화국,8.0,56.0,34.0,0.0,1.0,1.0,1.0,0.0,5.0,0.0,0.0,0.0,0.0,0.0,0.0,123.0,1.0,0.0,2.0,0.0,13.0,1.0,1.0,2.0,3.0,25.0,8.0,0.0,0.0,3.0,0.0,3.0,0.0,5.0,7.0,0.0,8.0,5.0,2.0,1.0
아프리카주,지부티,2.0,12.0,17.0,0.0,1.0,0.0,0.0,0.0,0.0,0.0,1.0,0.0,0.0,0.0,0.0,124.0,1.0,1.0,0.0,0.0,1.0,1.0,0.0,3.0,0.0,3.0,2.0,0.0,1.0,0.0,2.0,2.0,2.0,1.0,1.0,1.0,2.0,3.0,2.0,0.0
아프리카주,짐바브웨,76.0,242.0,1598.0,10.0,7.0,7.0,1.0,2.0,2.0,3.0,15.0,2.0,12.0,10.0,5.0,125.0,14.0,11.0,6.0,8.0,16.0,16.0,21.0,28.0,24.0,51.0,33.0,14.0,27.0,27.0,96.0,154.0,165.0,128.0,179.0,145.0,128.0,299.0,234.0,16.0
아프리카주,차드,4.0,28.0,45.0,0.0,0.0,1.0,1.0,0.0,1.0,0.0,0.0,0.0,0.0,1.0,0.0,126.0,0.0,2.0,4.0,0.0,0.0,0.0,2.0,9.0,4.0,4.0,2.0,1.0,2.0,2.0,1.0,1.0,2.0,1.0,12.0,2.0,8.0,11.0,3.0,0.0
아프리카주,카메룬,185.0,438.0,712.0,15.0,23.0,17.0,5.0,6.0,7.0,14.0,41.0,15.0,26.0,8.0,8.0,127.0,21.0,26.0,25.0,7.0,33.0,15.0,39.0,70.0,94.0,50.0,32.0,26.0,34.0,38.0,63.0,28.0,54.0,49.0,92.0,102.0,73.0,97.0,50.0,32.0
아프리카주,카보베르데,4.0,23.0,61.0,0.0,0.0,0.0,1.0,0.0,0.0,2.0,0.0,0.0,1.0,0.0,0.0,128.0,3.0,0.0,0.0,0.0,0.0,7.0,0.0,2.0,0.0,3.0,2.0,6.0,0.0,2.0,2.0,6.0,7.0,4.0,19.0,3.0,5.0,2.0,7.0,4.0
아프리카주,케냐,499.0,1358.0,3708.0,33.0,49.0,36.0,31.0,21.0,41.0,62.0,62.0,28.0,38.0,65.0,33.0,129.0,42.0,86.0,57.0,82.0,82.0,91.0,98.0,139.0,106.0,213.0,282.0,80.0,88.0,87.0,207.0,231.0,372.0,371.0,615.0,490.0,334.0,504.0,309.0,100.0
아프리카주,코모로,1.0,22.0,49.0,1.0,0.0,0.0,0.0,0.0,0.0,0.0,0.0,0.0,0.0,0.0,0.0,130.0,0.0,4.0,0.0,0.0,0.0,0.0,0.0,6.0,2.0,9.0,0.0,1.0,0.0,0.0,6.0,2.0,5.0,3.0,5.0,14.0,6.0,4.0,3.0,1.0
아프리카주,코트디부아르,72.0,274.0,527.0,3.0,5.0,2.0,3.0,3.0,0.0,2.0,6.0,10.0,7.0,23.0,8.0,131.0,13.0,12.0,10.0,9.0,11.0,36.0,32.0,44.0,20.0,25.0,49.0,13.0,11.0,34.0,22.0,19.0,88.0,44.0,92.0,76.0,62.0,38.0,26.0,15.0
아프리카주,콩고,9.0,35.0,73.0,2.0,0.0,1.0,1.0,2.0,0.0,0.0,0.0,1.0,1.0,0.0,1.0,132.0,0.0,1.0,2.0,6.0,4.0,2.0,3.0,4.0,1.0,8.0,2.0,2.0,3.0,1.0,2.0,5.0,12.0,5.0,21.0,9.0,8.0,1.0,5.0,1.0
아프리카주,콩고민주공화국,77.0,358.0,568.0,14.0,8.0,1.0,4.0,3.0,1.0,2.0,22.0,5.0,2.0,13.0,2.0,133.0,9.0,15.0,8.0,9.0,22.0,9.0,22.0,52.0,54.0,47.0,99.0,12.0,17.0,21.0,29.0,35.0,40.0,48.0,68.0,44.0,61.0,152.0,27.0,26.0
아프리카주,탄자니아,424.0,893.0,1300.0,20.0,51.0,12.0,21.0,24.0,39.0,33.0,66.0,38.0,13.0,50.0,57.0,134.0,38.0,66.0,23.0,39.0,46.0,40.0,96.0,155.0,89.0,193.0,68.0,40.0,43.0,78.0,58.0,107.0,85.0,84.0,155.0,188.0,149.0,164.0,129.0,60.0
아프리카주,토고,7.0,42.0,89.0,0.0,0.0,0.0,0.0,1.0,1.0,1.0,1.0,0.0,2.0,1.0,0.0,135.0,5.0,0.0,2.0,0.0,4.0,2.0,7.0,4.0,8.0,8.0,2.0,0.0,9.0,2.0,11.0,5.0,6.0,6.0,18.0,7.0,11.0,8.0,4.0,2.0
아프리카주,튀니지,428.0,1304.0,3398.0,32.0,35.0,35.0,36.0,32.0,14.0,21.0,67.0,40.0,40.0,34.0,42.0,136.0,42.0,45.0,62.0,56.0,87.0,100.0,118.0,102.0,150.0,152.0,190.0,200.0,136.0,144.0,257.0,309.0,321.0,309.0,347.0,287.0,348.0,477.0,249.0,214.0
오세아니아주,나우루,17.0,30.0,55.0,3.0,0.0,3.0,0.0,4.0,0.0,4.0,0.0,3.0,0.0,0.0,0.0,137.0,3.0,0.0,0.0,0.0,1.0,0.0,0.0,0.0,7.0,8.0,4.0,7.0,0.0,0.0,3.0,0.0,22.0,3.0,0.0,3.0,8.0,7.0,6.0,3.0
오세아니아주,노퍽,0.0,0.0,6.0,0.0,0.0,0.0,0.0,0.0,0.0,0.0,0.0,0.0,0.0,0.0,0.0,0.0,0.0,0.0,0.0,0.0,0.0,0.0,0.0,0.0,0.0,0.0,0.0,0.0,0.0,0.0,2.0,1.0,3.0,0.0,0.0,0.0,0.0,0.0,0.0,0.0
오세아니아주,뉴질랜드,1732.0,15997.0,40641.0,111.0,127.0,110.0,127.0,104.0,98.0,156.0,141.0,135.0,174.0,212.0,237.0,138.0,202.0,217.0,234.0,519.0,843.0,990.0,1172.0,1196.0,1997.0,2544.0,2135.0,3948.0,2662.0,1718.0,2692.0,4243.0,3265.0,3646.0,3266.0,2709.0,4208.0,4213.0,3645.0,4374.0
오세아니아주,마샬군도,8.0,69.0,151.0,3.0,0.0,0.0,0.0,0.0,0.0,0.0,4.0,0.0,0.0,1.0,0.0,139.0,1.0,1.0,1.0,1.0,0.0,1.0,12.0,11.0,5.0,14.0,11.0,11.0,4.0,4.0,4.0,15.0,23.0,16.0,14.0,14.0,22.0,15.0,8.0,12.0
오세아니아주,미국령 사모아,2.0,0.0,0.0,0.0,0.0,0.0,2.0,0.0,0.0,0.0,0.0,0.0,0.0,0.0,0.0,0.0,0.0,0.0,0.0,0.0,0.0,0.0,0.0,0.0,0.0,0.0,0.0,0.0,0.0,0.0,0.0,0.0,0.0,0.0,0.0,0.0,0.0,0.0,0.0,0.0
오세아니아주,미이크로네시아,6.0,28.0,125.0,0.0,1.0,0.0,1.0,0.0,1.0,0.0,0.0,0.0,2.0,0.0,1.0,140.0,0.0,0.0,1.0,0.0,0.0,1.0,0.0,2.0,1.0,6.0,15.0,2.0,3.0,1.0,15.0,17.0,10.0,5.0,14.0,10.0,11.0,15.0,17.0,7.0
오세아니아주,바누아투,72.0,63.0,178.0,3.0,0.0,1.0,5.0,2.0,8.0,3.0,50.0,0.0,0.0,0.0,0.0,141.0,0.0,3.0,0.0,7.0,2.0,3.0,6.0,6.0,7.0,7.0,13.0,9.0,10.0,8.0,11.0,21.0,19.0,13.0,25.0,19.0,9.0,11.0,16.0,16.0
오세아니아주,불령폴리네시아,2.0,0.0,0.0,0.0,0.0,0.0,0.0,0.0,0.0,0.0,2.0,0.0,0.0,0.0,0.0,0.0,0.0,0.0,0.0,0.0,0.0,0.0,0.0,0.0,0.0,0.0,0.0,0.0,0.0,0.0,0.0,0.0,0.0,0.0,0.0,0.0,0.0,0.0,0.0,0.0
오세아니아주,사모아,14.0,59.0,281.0,5.0,1.0,0.0,0.0,0.0,0.0,0.0,1.0,0.0,3.0,3.0,1.0,142.0,3.0,2.0,0.0,8.0,1.0,0.0,6.0,4.0,10.0,6.0,10.0,9.0,2.0,4.0,17.0,8.0,42.0,27.0,27.0,50.0,31.0,43.0,24.0,6.0
오세아니아주,솔로몬군도,4.0,34.0,96.0,0.0,1.0,0.0,0.0,0.0,0.0,1.0,1.0,0.0,0.0,1.0,0.0,143.0,0.0,0.0,0.0,2.0,0.0,0.0,3.0,7.0,5.0,5.0,8.0,4.0,2.0,2.0,6.0,6.0,26.0,6.0,6.0,6.0,14.0,12.0,7.0,3.0
오세아니아주,오스트레일리아,3717.0,66404.0,200619.0,234.0,197.0,182.0,181.0,183.0,200.0,280.0,294.0,278.0,340.0,633.0,715.0,144.0,648.0,665.0,790.0,2528.0,3680.0,4229.0,4523.0,4933.0,8281.0,9176.0,9863.0,17088.0,12808.0,8015.0,14326.0,21436.0,15870.0,17275.0,14635.0,12476.0,21814.0,20188.0,18779.0,22997.0
오세아니아주,키리바시,199.0,140.0,173.0,14.0,46.0,19.0,71.0,0.0,4.0,14.0,12.0,1.0,5.0,13.0,0.0,145.0,5.0,10.0,38.0,13.0,4.0,14.0,23.0,6.0,8.0,15.0,4.0,0.0,2.0,5.0,9.0,3.0,26.0,12.0,22.0,33.0,17.0,27.0,3.0,14.0
오세아니아주,토켈라우,1.0,0.0,2.0,0.0,0.0,0.0,0.0,0.0,0.0,0.0,0.0,0.0,1.0,0.0,0.0,0.0,0.0,0.0,0.0,0.0,0.0,0.0,0.0,0.0,0.0,0.0,0.0,0.0,0.0,0.0,0.0,0.0,0.0,0.0,0.0,0.0,2.0,0.0,0.0,0.0
오세아니아주,통가,4.0,56.0,129.0,0.0,0.0,1.0,0.0,1.0,0.0,1.0,0.0,0.0,1.0,0.0,0.0,146.0,0.0,0.0,3.0,3.0,0.0,0.0,19.0,5.0,8.0,11.0,5.0,2.0,1.0,2.0,4.0,20.0,34.0,15.0,6.0,13.0,7.0,16.0,8.0,3.0
오세아니아주,투발루,7.0,25.0,88.0,0.0,2.0,0.0,0.0,5.0,0.0,0.0,0.0,0.0,0.0,0.0,0.0,147.0,0.0,0.0,0.0,0.0,0.0,0.0,7.0,3.0,4.0,5.0,4.0,2.0,2.0,2.0,11.0,6.0,20.0,7.0,3.0,10.0,11.0,5.0,6.0,5.0
오세아니아주,파푸아뉴기니,22.0,105.0,282.0,2.0,0.0,2.0,0.0,1.0,2.0,1.0,3.0,3.0,1.0,5.0,2.0,148.0,3.0,0.0,8.0,3.0,8.0,2.0,9.0,3.0,9.0,25.0,26.0,9.0,2.0,11.0,10.0,10.0,60.0,14.0,24.0,41.0,22.0,41.0,19.0,28.0
오세아니아주,팔라우,3.0,49.0,139.0,0.0,0.0,0.0,0.0,0.0,0.0,3.0,0.0,0.0,0.0,0.0,0.0,149.0,0.0,0.0,1.0,5.0,0.0,4.0,7.0,5.0,11.0,6.0,5.0,5.0,0.0,6.0,7.0,7.0,22.0,21.0,12.0,13.0,16.0,14.0,11.0,10.0
오세아니아주,피지,69.0,311.0,792.0,11.0,7.0,6.0,6.0,8.0,4.0,0.0,9.0,5.0,4.0,7.0,2.0,150.0,10.0,7.0,2.0,7.0,17.0,33.0,16.0,42.0,35.0,53.0,41.0,48.0,30.0,15.0,40.0,49.0,102.0,51.0,87.0,96.0,80.0,116.0,65.0,61.0
유럽주,교황청,6.0,13.0,18.0,1.0,2.0,0.0,0.0,0.0,0.0,0.0,1.0,0.0,1.0,1.0,0.0,151.0,0.0,1.0,1.0,1.0,1.0,0.0,2.0,1.0,1.0,2.0,2.0,1.0,0.0,0.0,1.0,4.0,2.0,3.0,1.0,0.0,1.0,1.0,4.0,1.0
유럽주,그리스,3350.0,5642.0,7958.0,211.0,190.0,301.0,239.0,245.0,236.0,235.0,283.0,294.0,404.0,280.0,432.0,152.0,390.0,307.0,418.0,292.0,425.0,410.0,607.0,596.0,460.0,588.0,565.0,584.0,494.0,453.0,677.0,934.0,586.0,560.0,642.0,830.0,536.0,987.0,782.0,477.0
유럽주,네덜란드,13542.0,25958.0,49736.0,1165.0,857.0,1165.0,1240.0,1248.0,1156.0,1060.0,1287.0,1079.0,1184.0,1150.0,951.0,153.0,946.0,1177.0,994.0,1737.0,2011.0,2031.0,2880.0,2928.0,2792.0,3266.0,2766.0,2430.0,2179.0,2910.0,3982.0,4811.0,4387.0,3512.0,6887.0,5235.0,4621.0,4882.0,3718.0,2612.0
유럽주,노르웨이,966.0,4674.0,10894.0,61.0,64.0,37.0,30.0,34.0,66.0,69.0,153.0,79.0,186.0,124.0,63.0,154.0,129.0,119.0,62.0,269.0,390.0,478.0,419.0,545.0,529.0,699.0,548.0,487.0,546.0,513.0,1012.0,1013.0,751.0,1173.0,1982.0,751.0,797.0,1068.0,776.0,512.0
유럽주,덴마크,1473.0,6316.0,13831.0,113.0,85.0,57.0,70.0,60.0,104.0,110.0,279.0,111.0,189.0,187.0,108.0,155.0,164.0,194.0,115.0,414.0,469.0,466.0,628.0,790.0,712.0,1066.0,781.0,517.0,532.0,491.0,1350.0,1350.0,1057.0,961.0,2029.0,1063.0,1319.0,1876.0,1157.0,646.0
유럽주,독일,20381.0,66002.0,134506.0,1147.0,1491.0,1088.0,1185.0,1329.0,1258.0,1518.0,2838.0,1846.0,2396.0,2423.0,1862.0,156.0,1755.0,2411.0,1833.0,3529.0,4769.0,5069.0,6181.0,8827.0,9109.0,9301.0,7305.0,5913.0,5444.0,6299.0,12199.0,18609.0,11861.0,9227.0,11751.0,13061.0,14622.0,14339.0,9889.0,7205.0
유럽주,라트비아,501.0,1414.0,2132.0,48.0,47.0,34.0,13.0,26.0,35.0,41.0,59.0,45.0,51.0,69.0,33.0,157.0,64.0,69.0,64.0,64.0,114.0,103.0,139.0,193.0,140.0,179.0,145.0,140.0,128.0,120.0,205.0,236.0,203.0,162.0,199.0,137.0,159.0,251.0,195.0,137.0
유럽주,러시아,35235.0,63810.0,165217.0,1993.0,2535.0,2533.0,2437.0,2901.0,3053.0,2848.0,3049.0,3344.0,3339.0,3902.0,3301.0,158.0,3250.0,3520.0,2567.0,2923.0,3699.0,4676.0,5943.0,6620.0,6881.0,6954.0,7886.0,8891.0,9738.0,9516.0,13554.0,15630.0,14503.0,14878.0,16114.0,15073.0,14486.0,16158.0,13310.0,12257.0
유럽주,루마니아,3341.0,5998.0,12005.0,262.0,223.0,255.0,262.0,218.0,188.0,249.0,274.0,337.0,383.0,327.0,363.0,159.0,365.0,375.0,421.0,378.0,417.0,435.0,516.0,544.0,609.0,893.0,556.0,489.0,419.0,494.0,1007.0,1352.0,1036.0,876.0,917.0,966.0,1374.0,1720.0,1126.0,718.0
유럽주,룩셈부르크,161.0,555.0,1457.0,10.0,10.0,7.0,13.0,9.0,8.0,9.0,20.0,25.0,24.0,14.0,12.0,160.0,6.0,20.0,9.0,26.0,29.0,37.0,67.0,95.0,49.0,72.0,92.0,53.0,32.0,58.0,97.0,201.0,142.0,44.0,153.0,369.0,91.0,98.0,76.0,96.0
유럽주,리투아니아,463.0,1586.0,3279.0,14.0,46.0,21.0,24.0,24.0,30.0,37.0,98.0,48.0,54.0,34.0,33.0,161.0,47.0,82.0,32.0,68.0,109.0,152.0,119.0,193.0,170.0,242.0,264.0,108.0,113.0,137.0,349.0,351.0,238.0,248.0,279.0,259.0,340.0,459.0,302.0,204.0
유럽주,리히텐슈타인,3.0,26.0,136.0,1.0,1.0,0.0,0.0,0.0,0.0,0.0,0.0,0.0,0.0,1.0,0.0,162.0,0.0,0.0,0.0,1.0,0.0,2.0,7.0,3.0,2.0,3.0,1.0,7.0,4.0,3.0,3.0,13.0,3.0,5.0,76.0,6.0,5.0,12.0,2.0,4.0
유럽주,마케도니아,29.0,36.0,119.0,2.0,3.0,4.0,2.0,3.0,1.0,0.0,0.0,1.0,5.0,2.0,6.0,170.0,3.0,5.0,2.0,3.0,2.0,1.0,0.0,3.0,4.0,3.0,5.0,5.0,1.0,4.0,10.0,14.0,9.0,10.0,12.0,4.0,12.0,25.0,15.0,3.0
유럽주,모나코,4.0,16.0,37.0,1.0,0.0,1.0,0.0,0.0,0.0,0.0,0.0,0.0,0.0,2.0,0.0,163.0,0.0,1.0,1.0,1.0,0.0,0.0,5.0,2.0,3.0,2.0,1.0,0.0,0.0,0.0,3.0,6.0,2.0,0.0,3.0,7.0,1.0,5.0,2.0,8.0
유럽주,몬테네그로,594.0,791.0,1370.0,54.0,60.0,29.0,47.0,28.0,41.0,48.0,79.0,43.0,62.0,71.0,32.0,164.0,23.0,35.0,64.0,62.0,69.0,48.0,112.0,48.0,62.0,95.0,63.0,110.0,68.0,44.0,112.0,120.0,106.0,103.0,109.0,127.0,119.0,182.0,195.0,85.0
유럽주,몰도바,103.0,156.0,294.0,11.0,14.0,2.0,3.0,7.0,2.0,11.0,16.0,7.0,12.0,11.0,7.0,165.0,7.0,9.0,6.0,5.0,11.0,14.0,14.0,28.0,18.0,21.0,14.0,9.0,13.0,16.0,21.0,19.0,35.0,17.0,28.0,39.0,30.0,48.0,18.0,10.0
유럽주,몰타,62.0,157.0,543.0,2.0,2.0,4.0,2.0,3.0,4.0,9.0,9.0,8.0,4.0,8.0,7.0,166.0,10.0,3.0,4.0,5.0,8.0,15.0,14.0,8.0,15.0,19.0,23.0,33.0,18.0,19.0,57.0,72.0,40.0,49.0,110.0,41.0,31.0,52.0,33.0,21.0
유럽주,벨기에,2202.0,7896.0,17166.0,133.0,176.0,116.0,101.0,125.0,161.0,176.0,344.0,213.0,251.0,241.0,165.0,167.0,220.0,279.0,194.0,401.0,539.0,576.0,856.0,951.0,1035.0,1155.0,991.0,699.0,640.0,735.0,1204.0,1821.0,1481.0,1117.0,2777.0,1461.0,1840.0,1864.0,1326.0,900.0
유럽주,벨라루스,428.0,771.0,1516.0,28.0,35.0,18.0,30.0,31.0,30.0,30.0,80.0,34.0,38.0,30.0,44.0,168.0,33.0,41.0,40.0,36.0,32.0,33.0,84.0,109.0,92.0,105.0,84.0,82.0,92.0,100.0,104.0,131.0,155.0,109.0,118.0,185.0,146.0,152.0,146.0,78.0
유럽주,보스니아-헤르체고비나,81.0,103.0,229.0,3.0,8.0,13.0,7.0,3.0,9.0,8.0,4.0,6.0,6.0,8.0,6.0,169.0,4.0,8.0,9.0,10.0,1.0,9.0,11.0,3.0,10.0,7.0,14.0,17.0,10.0,10.0,33.0,46.0,20.0,16.0,15.0,12.0,12.0,21.0,20.0,14.0
유럽주,불가리아,1855.0,3223.0,4638.0,140.0,152.0,224.0,122.0,95.0,138.0,148.0,180.0,173.0,148.0,176.0,159.0,171.0,219.0,160.0,237.0,203.0,253.0,291.0,405.0,351.0,313.0,336.0,223.0,232.0,169.0,154.0,366.0,611.0,491.0,386.0,367.0,366.0,539.0,571.0,373.0,245.0
유럽주,산마리노,0.0,7.0,27.0,0.0,0.0,0.0,0.0,0.0,0.0,0.0,0.0,0.0,0.0,0.0,0.0,172.0,0.0,0.0,0.0,0.0,1.0,1.0,0.0,0.0,1.0,2.0,1.0,1.0,1.0,0.0,0.0,0.0,4.0,0.0,15.0,1.0,1.0,2.0,3.0,0.0
유럽주,세르비아,608.0,1097.0,2740.0,40.0,47.0,39.0,61.0,56.0,50.0,41.0,79.0,37.0,62.0,57.0,39.0,173.0,53.0,40.0,44.0,70.0,64.0,89.0,100.0,100.0,134.0,187.0,116.0,100.0,73.0,102.0,307.0,371.0,311.0,220.0,239.0,211.0,294.0,331.0,198.0,83.0
유럽주,스웨덴,1631.0,7655.0,19299.0,85.0,124.0,58.0,62.0,72.0,98.0,96.0,300.0,166.0,207.0,214.0,149.0,174.0,198.0,224.0,144.0,373.0,538.0,800.0,605.0,871.0,801.0,1255.0,1041.0,805.0,721.0,706.0,1393.0,1872.0,1459.0,1925.0,3654.0,1347.0,1622.0,2072.0,1452.0,1076.0
유럽주,스위스,1575.0,8272.0,20564.0,58.0,152.0,72.0,79.0,100.0,87.0,156.0,238.0,172.0,194.0,160.0,107.0,175.0,99.0,191.0,121.0,484.0,492.0,568.0,1014.0,1025.0,1190.0,1481.0,869.0,738.0,573.0,726.0,1626.0,2742.0,1704.0,1359.0,3510.0,1760.0,2115.0,2328.0,1212.0,909.0
유럽주,스페인,2865.0,14676.0,35090.0,117.0,212.0,169.0,97.0,127.0,131.0,151.0,530.0,327.0,329.0,462.0,213.0,176.0,257.0,354.0,404.0,837.0,827.0,931.0,1355.0,2161.0,1782.0,2293.0,1988.0,1487.0,1303.0,1352.0,2571.0,3347.0,2471.0,2397.0,3651.0,5468.0,3556.0,3772.0,3325.0,1877.0
유럽주,슬로바크,397.0,1398.0,3472.0,56.0,36.0,15.0,28.0,20.0,32.0,35.0,54.0,23.0,35.0,35.0,28.0,177.0,44.0,40.0,39.0,65.0,71.0,133.0,154.0,129.0,222.0,255.0,143.0,103.0,172.0,150.0,291.0,315.0,253.0,321.0,466.0,291.0,297.0,396.0,338.0,182.0
유럽주,슬로베니아,151.0,683.0,2098.0,7.0,15.0,9.0,13.0,5.0,22.0,7.0,15.0,17.0,11.0,15.0,15.0,178.0,19.0,22.0,11.0,17.0,44.0,40.0,88.0,87.0,83.0,110.0,104.0,58.0,70.0,64.0,111.0,208.0,127.0,153.0,590.0,167.0,179.0,222.0,138.0,69.0
유럽주,아르메니아,51.0,131.0,335.0,0.0,2.0,6.0,1.0,3.0,2.0,4.0,14.0,10.0,2.0,3.0,4.0,179.0,3.0,2.0,4.0,5.0,6.0,11.0,19.0,15.0,22.0,13.0,23.0,8.0,9.0,3.0,15.0,29.0,35.0,25.0,42.0,61.0,38.0,43.0,25.0,10.0
유럽주,아이슬란드,214.0,494.0,784.0,8.0,7.0,10.0,8.0,4.0,9.0,6.0,10.0,10.0,23.0,54.0,65.0,180.0,77.0,25.0,15.0,24.0,31.0,13.0,25.0,42.0,37.0,71.0,99.0,35.0,21.0,19.0,34.0,58.0,87.0,76.0,221.0,75.0,58.0,66.0,50.0,19.0
유럽주,아일랜드,916.0,4149.0,9591.0,50.0,68.0,45.0,39.0,44.0,57.0,65.0,122.0,110.0,103.0,119.0,94.0,181.0,132.0,150.0,91.0,247.0,287.0,371.0,388.0,559.0,469.0,548.0,490.0,417.0,537.0,447.0,788.0,1040.0,851.0,824.0,1064.0,838.0,901.0,1048.0,735.0,518.0
유럽주,아제르바이잔,375.0,1505.0,1991.0,7.0,29.0,35.0,20.0,19.0,32.0,35.0,61.0,30.0,34.0,45.0,28.0,182.0,54.0,87.0,72.0,85.0,141.0,105.0,116.0,346.0,123.0,164.0,126.0,86.0,72.0,154.0,79.0,123.0,167.0,129.0,334.0,287.0,161.0,177.0,191.0,117.0
유럽주,안도라,3.0,18.0,46.0,0.0,0.0,0.0,0.0,0.0,0.0,0.0,1.0,2.0,0.0,0.0,0.0,183.0,0.0,0.0,1.0,1.0,0.0,1.0,0.0,6.0,2.0,5.0,1.0,1.0,0.0,3.0,4.0,12.0,5.0,0.0,3.0,9.0,7.0,3.0,0.0,0.0
유럽주,알바니아,37.0,237.0,687.0,2.0,2.0,2.0,1.0,1.0,4.0,4.0,9.0,4.0,4.0,4.0,0.0,184.0,8.0,6.0,6.0,13.0,23.0,11.0,25.0,24.0,29.0,38.0,32.0,22.0,16.0,18.0,52.0,52.0,111.0,60.0,39.0,62.0,77.0,97.0,66.0,37.0
유럽주,에스토니아,176.0,899.0,1685.0,8.0,11.0,13.0,10.0,15.0,15.0,10.0,33.0,16.0,14.0,15.0,16.0,185.0,19.0,25.0,12.0,44.0,46.0,45.0,67.0,80.0,160.0,210.0,94.0,97.0,58.0,51.0,162.0,228.0,159.0,114.0,177.0,160.0,138.0,182.0,164.0,92.0
유럽주,영국,9393.0,48121.0,130869.0,424.0,506.0,361.0,301.0,358.0,651.0,991.0,1501.0,888.0,1154.0,1319.0,939.0,750.0,1122.0,1120.0,1058.0,2260.0,3202.0,3655.0,4668.0,6060.0,5497.0,7104.0,5995.0,6380.0,6509.0,5697.0,11545.0,16156.0,11238.0,9206.0,14974.0,11250.0,11274.0,14363.0,10812.0,7845.0
유럽주,오스트리아,1981.0,6681.0,13252.0,104.0,111.0,102.0,124.0,116.0,131.0,143.0,239.0,209.0,263.0,321.0,118.0,190.0,152.0,217.0,179.0,342.0,550.0,450.0,731.0,937.0,852.0,963.0,746.0,562.0,505.0,641.0,1171.0,1497.0,1041.0,897.0,1767.0,1348.0,1313.0,1390.0,1038.0,644.0
유럽주,우크라이나,14540.0,13779.0,16435.0,999.0,1214.0,1337.0,1222.0,1153.0,1164.0,1140.0,1316.0,1214.0,1303.0,1341.0,1137.0,191.0,1044.0,1122.0,1066.0,1058.0,1080.0,1120.0,1267.0,1260.0,1102.0,1379.0,1187.0,1094.0,923.0,774.0,1203.0,1360.0,1433.0,1522.0,1353.0,1594.0,1391.0,1888.0,1662.0,1332.0
유럽주,유고슬라비아,37.0,177.0,482.0,1.0,2.0,1.0,0.0,4.0,2.0,3.0,8.0,5.0,6.0,3.0,2.0,192.0,6.0,3.0,2.0,7.0,9.0,4.0,17.0,23.0,32.0,32.0,26.0,16.0,18.0,14.0,36.0,51.0,52.0,29.0,93.0,23.0,64.0,53.0,40.0,9.0
유럽주,이탈리아,4255.0,18534.0,48342.0,204.0,313.0,188.0,230.0,243.0,250.0,260.0,547.0,415.0,593.0,714.0,298.0,193.0,439.0,588.0,498.0,860.0,1347.0,1366.0,1619.0,2371.0,2089.0,2916.0,2686.0,1755.0,1895.0,1915.0,3891.0,4707.0,3942.0,3955.0,4041.0,7449.0,4382.0,4989.0,4312.0,2864.0
유럽주,조지아,543.0,1049.0,1444.0,33.0,43.0,59.0,38.0,26.0,39.0,54.0,57.0,61.0,30.0,75.0,28.0,194.0,61.0,48.0,22.0,31.0,36.0,99.0,99.0,121.0,153.0,170.0,104.0,105.0,101.0,94.0,62.0,93.0,181.0,172.0,118.0,142.0,141.0,148.0,78.0,114.0
유럽주,체코,760.0,3186.0,8987.0,48.0,71.0,34.0,36.0,42.0,27.0,43.0,127.0,55.0,95.0,124.0,58.0,195.0,69.0,99.0,57.0,167.0,168.0,231.0,308.0,351.0,371.0,488.0,573.0,304.0,314.0,381.0,667.0,1048.0,722.0,825.0,1017.0,952.0,809.0,893.0,835.0,524.0
유럽주,코소보,5.0,36.0,125.0,1.0,1.0,0.0,1.0,0.0,0.0,1.0,0.0,0.0,0.0,0.0,1.0,196.0,2.0,0.0,2.0,3.0,4.0,0.0,3.0,3.0,4.0,5.0,4.0,6.0,5.0,4.0,4.0,5.0,9.0,10.0,28.0,10.0,32.0,7.0,5.0,6.0
유럽주,크로아티아,1611.0,2493.0,4003.0,122.0,113.0,93.0,98.0,86.0,173.0,152.0,159.0,90.0,135.0,226.0,164.0,197.0,157.0,194.0,207.0,171.0,145.0,148.0,214.0,257.0,214.0,341.0,253.0,192.0,178.0,204.0,337.0,383.0,304.0,323.0,334.0,293.0,408.0,539.0,410.0,290.0
유럽주,포르투갈,1421.0,3882.0,9685.0,50.0,62.0,52.0,27.0,68.0,82.0,78.0,308.0,238.0,274.0,109.0,73.0,198.0,222.0,211.0,132.0,249.0,256.0,309.0,312.0,336.0,395.0,575.0,504.0,381.0,293.0,321.0,723.0,1032.0,713.0,767.0,1286.0,1009.0,945.0,1091.0,861.0,644.0
유럽주,폴란드,4187.0,11967.0,29605.0,341.0,272.0,319.0,276.0,306.0,304.0,336.0,447.0,368.0,433.0,490.0,295.0,199.0,405.0,524.0,394.0,633.0,869.0,1018.0,970.0,1199.0,1525.0,1734.0,1520.0,1176.0,1082.0,1203.0,2113.0,3293.0,2545.0,2455.0,2753.0,2816.0,3471.0,3244.0,2925.0,1705.0
유럽주,프랑스,16195.0,63984.0,135850.0,1156.0,1838.0,1030.0,812.0,1051.0,828.0,1076.0,1983.0,1690.0,1650.0,1781.0,1300.0,200.0,1673.0,2873.0,1730.0,3379.0,4286.0,4294.0,6065.0,9133.0,7348.0,9670.0,7254.0,6279.0,5098.0,6763.0,9658.0,15900.0,13364.0,9348.0,12619.0,16823.0,12235.0,14866.0,11428.0,7748.0
유럽주,핀란드,2912.0,5625.0,12886.0,207.0,215.0,187.0,163.0,192.0,189.0,227.0,329.0,273.0,343.0,323.0,264.0,201.0,281.0,397.0,151.0,284.0,415.0,513.0,358.0,511.0,483.0,864.0,696.0,672.0,664.0,754.0,986.0,1119.0,1295.0,1137.0,1699.0,1001.0,1034.0,1250.0,1117.0,830.0
유럽주,헝가리,1051.0,3464.0,7605.0,49.0,100.0,63.0,49.0,62.0,63.0,78.0,125.0,76.0,128.0,137.0,121.0,202.0,117.0,160.0,133.0,193.0,270.0,274.0,290.0,356.0,376.0,528.0,370.0,397.0,358.0,350.0,646.0,845.0,684.0,541.0,861.0,858.0,646.0,946.0,488.0,382.0
