대륙,국적,성별,202201,202202,202203,202204,202205,202206,202207,202208,202209,202210,202211,202212
아시아주,일본,남성,888,903,849,1600,2456,3734,6207,10995,11854,23052,27358,32791
아시아주,일본,여성,628,2406,848,1147,1926,3051,6862,17739,16982,45635,36647,52902
아시아주,베트남,남성,1681,3417,3973,4393,6374,9879,12324,16469,15267,18122,16633,15455
아시아주,베트남,여성,979,2955,3606,3790,5220,8693,12675,15522,13100,19572,15723,13447
아시아주,중국,남성,7080,9093,9160,7860,7838,7568,10127,14311,14667,11900,12406,12212
아시아주,중국,여성,1328,6170,4363,1488,1984,3524,5875,14256,12516,8408,9263,13486
아시아주,필리핀,남성,9289,8970,11378,11700,13736,13571,15494,14925,14700,18007,17034,14858
아시아주,필리핀,여성,189,274,299,793,894,2161,3379,3442,4303,9607,7622,9904
아시아주,타이,남성,817,931,1062,1667,3474,6341,6717,4589,5180,12432,11474,15931
아시아주,타이,여성,551,738,566,2341,5768,10991,10710,7317,8831,22592,18531,25858
아시아주,싱가포르,남성,796,854,1283,1744,3177,4775,3736,3844,6677,10348,14814,23060
아시아주,싱가포르,여성,563,655,1189,2079,3648,5723,4144,3765,8232,14449,18444,27714
아시아주,인도네시아,남성,4458,3924,4151,4154,5361,7248,7290,7595,6873,8551,9042,9980
아시아주,인도네시아,여성,133,593,252,265,393,1112,1835,2595,2622,6313,5404,8034
아시아주,타이완,남성,315,355,337,465,610,702,1038,1823,2171,4455,6606,10095
아시아주,타이완,여성,173,667,186,233,398,580,1163,3048,2840,7471,12162,19814
아시아주,말레이시아,남성,476,566,521,876,1515,2005,2153,2555,3042,5339,6052,9421
아시아주,말레이시아,여성,96,434,121,429,943,1458,1692,2342,3391,7069,7121,11371
아시아주,몽골,남성,361,610,703,587,642,1806,2708,4177,4149,3797,4666,5328
아시아주,몽골,여성,383,718,745,656,766,2387,3684,5594,5402,4594,5684,6999
아시아주,미얀마,남성,5177,4185,4669,4644,5522,5074,6460,6266,5575,6863,5202,3658
아시아주,미얀마,여성,51,123,176,98,112,232,218,387,413,377,299,520
아시아주,인도,남성,2705,2971,3139,2959,3968,4627,5930,6173,6307,6621,7368,4899
아시아주,인도,여성,216,332,209,232,391,617,834,1179,1055,1428,1003,855
아시아주,홍콩,남성,40,85,62,70,147,274,485,698,1176,3384,4337,9075
아시아주,홍콩,여성,45,197,93,88,179,390,752,1305,2003,7586,10113,17636
아시아주,한국계중국인,남성,1308,1621,1465,1144,1690,1947,2291,1928,2765,2999,3058,2676
아시아주,한국계중국인,여성,1014,988,778,621,1025,1419,1720,1565,2106,2519,2684,2662
아시아주,우즈베키스탄,남성,796,1309,1273,1164,1890,2534,2991,4560,4388,2965,2825,2205
아시아주,우즈베키스탄,여성,314,447,427,525,837,1322,1907,2137,1845,1421,1253,979
아시아주,카자흐스탄,남성,142,242,257,533,2091,3282,2575,1972,1796,1679,2048,1861
아시아주,카자흐스탄,여성,128,257,225,441,1212,1948,2311,2236,1767,1586,1805,1538
아시아주,캄보디아,남성,685,654,694,886,1413,1295,1421,1584,2075,2737,2607,2616
아시아주,캄보디아,여성,327,361,355,400,574,674,873,975,1154,1066,1152,1586
아시아주,네팔,남성,947,887,1358,1469,1918,2890,2540,2500,2538,2091,3150,1699
아시아주,네팔,여성,104,129,168,164,251,350,433,570,532,322,468,341
아시아주,튀르키예,남성,480,415,559,1253,1832,1384,1314,1536,1448,1795,1743,1633
아시아주,튀르키예,여성,32,143,31,172,226,236,317,467,344,403,436,291
아시아주,방글라데시,남성,679,633,846,1056,1039,1170,1242,1826,1331,1142,1820,1705
아시아주,방글라데시,여성,69,93,89,89,99,91,147,221,143,136,108,140
아시아주,스리랑카,남성,742,449,806,605,749,1418,1392,1211,1735,1810,2254,1694
아시아주,스리랑카,여성,22,41,29,32,25,48,49,110,137,123,126,106
아시아주,파키스탄,남성,386,537,553,614,630,701,760,930,911,1531,919,808
아시아주,파키스탄,여성,35,84,67,99,97,99,125,215,148,145,98,96
아시아주,사우디아라비아,남성,99,124,117,54,312,370,496,684,637,790,1738,438
아시아주,사우디아라비아,여성,43,58,30,18,107,195,373,542,323,396,540,229
아시아주,이스라엘,남성,101,76,99,168,329,341,344,308,696,765,606,347
아시아주,이스라엘,여성,12,30,22,80,129,114,156,180,488,666,264,108
아시아주,키르기즈,남성,205,108,159,294,201,314,414,535,522,527,490,300
아시아주,키르기즈,여성,56,75,66,99,150,216,219,390,339,256,215,178
아시아주,아랍에미리트연합,남성,95,153,154,172,170,243,289,315,303,317,342,436
아시아주,아랍에미리트연합,여성,36,60,38,64,117,157,189,151,166,266,237,407
아시아주,라오스,남성,36,76,14,220,234,53,213,306,413,374,537,454
아시아주,라오스,여성,28,33,14,61,143,82,120,157,249,206,261,253
아시아주,타지키스탄,남성,89,136,116,195,140,160,382,428,617,422,360,274
아시아주,타지키스탄,여성,12,18,27,30,23,12,37,54,38,52,55,32
아시아주,이란,남성,30,68,137,54,101,143,131,201,185,283,234,148
아시아주,이란,여성,36,61,22,31,50,62,75,136,127,153,100,59
아시아주,티모르민주공화국,남성,116,54,109,148,153,118,141,163,156,147,137,113
아시아주,티모르민주공화국,여성,2,1,0,2,4,5,6,13,10,5,11,6
아시아주,요르단,남성,67,79,80,34,70,142,98,140,168,184,144,83
아시아주,요르단,여성,7,18,13,6,10,25,27,29,53,40,23,18
아시아주,시리아,남성,50,83,92,44,82,134,85,160,105,161,118,96
아시아주,시리아,여성,5,22,21,10,18,10,25,38,29,57,35,22
아시아주,이라크,남성,35,72,86,113,92,96,128,149,111,187,149,117
아시아주,이라크,여성,5,21,8,12,2,8,15,18,22,17,9,11
아시아주,브루나이,남성,2,19,2,1,11,14,27,43,38,50,102,360
아시아주,브루나이,여성,3,36,2,0,6,17,21,85,35,47,78,462
아시아주,카타르,남성,10,8,12,14,56,60,134,65,48,66,37,73
아시아주,카타르,여성,2,5,0,4,32,41,136,26,22,28,81,43
아시아주,쿠웨이트,남성,12,2,11,9,28,61,78,89,71,64,82,33
아시아주,쿠웨이트,여성,5,2,1,3,22,21,70,86,66,45,48,29
아시아주,예멘공화국,남성,17,24,21,17,35,63,41,68,71,54,55,42
아시아주,예멘공화국,여성,3,8,3,9,8,4,11,26,14,11,11,13
아시아주,레바논,남성,22,30,25,40,37,64,26,38,51,76,74,37
아시아주,레바논,여성,3,3,1,7,11,7,7,8,7,24,11,7
아시아주,오만,남성,3,9,10,11,53,26,52,41,41,58,45,20
아시아주,오만,여성,4,4,1,6,12,25,47,25,17,19,24,15
아시아주,마카오,남성,1,1,0,6,2,4,10,15,18,33,37,51
아시아주,마카오,여성,2,1,5,0,6,3,7,26,26,43,60,94
아시아주,투르크메니스탄,남성,5,4,2,0,3,4,5,21,34,34,92,53
아시아주,투르크메니스탄,여성,6,19,2,1,1,3,1,26,14,13,20,23
아시아주,키프로스,남성,12,10,18,18,12,22,27,28,16,31,31,18
아시아주,키프로스,여성,1,2,1,2,6,11,7,18,12,17,11,4
아시아주,바레인,남성,1,2,14,3,11,19,9,13,24,33,30,17
아시아주,바레인,여성,2,2,8,0,4,12,5,12,19,18,20,10
아시아주,아프가니스탄,남성,5,16,9,8,12,29,8,28,17,14,16,24
아시아주,아프가니스탄,여성,0,6,1,1,1,5,4,18,12,2,5,6
아시아주,팔레스타인,남성,4,14,7,4,1,16,10,18,17,25,22,23
아시아주,팔레스타인,여성,1,2,0,0,0,3,0,7,6,7,0,2
아시아주,부탄,남성,3,3,1,4,5,6,10,12,13,15,16,4
아시아주,부탄,여성,1,1,1,1,5,6,6,8,10,17,4,8
아시아주,몰디브,남성,3,1,4,2,0,6,10,7,22,12,18,3
아시아주,몰디브,여성,0,0,0,0,1,1,0,1,6,3,12,0
북아메리카주,미국,남성,15223,15407,17413,22939,29192,34779,35812,34756,37647,46023,43771,40844
북아메리카주,미국,여성,4900,5953,5404,12919,17713,25361,24024,22485,27533,34453,28061,27484
북아메리카주,미국,제3의성,0,0,0,0,0,0,0,3,1,0,0,3
북아메리카주,캐나다,남성,2913,2275,2088,3402,4275,4433,5258,5060,6178,7413,6469,6931
북아메리카주,캐나다,여성,611,687,636,2224,2871,2885,3796,3308,5067,5953,4848,5007
북아메리카주,캐나다,제3의성,0,0,0,0,0,0,0,0,1,0,0,0
남아메리카주,멕시코,남성,211,269,243,345,419,352,335,399,646,770,695,593
남아메리카주,멕시코,여성,64,192,64,186,182,217,341,526,454,546,437,432
남아메리카주,브라질,남성,132,139,146,266,384,363,423,502,522,785,740,660
남아메리카주,브라질,여성,85,136,57,149,206,371,345,406,413,667,424,539
남아메리카주,콜롬비아,남성,36,39,21,79,112,123,105,148,203,271,179,180
남아메리카주,콜롬비아,여성,31,49,20,64,90,93,109,169,170,223,135,174
남아메리카주,칠레,남성,26,33,19,57,63,119,110,95,135,193,184,122
남아메리카주,칠레,여성,10,51,12,29,38,47,69,109,119,152,119,128
남아메리카주,아르헨티나,남성,21,16,24,52,77,76,97,97,120,205,121,126
남아메리카주,아르헨티나,여성,6,10,12,35,39,43,60,81,99,150,79,109
남아메리카주,페루,남성,19,24,28,29,54,39,47,73,92,119,128,76
남아메리카주,페루,여성,21,20,14,17,44,44,73,102,76,138,146,100
남아메리카주,에콰도르,남성,9,14,7,22,36,31,27,45,70,82,58,35
남아메리카주,에콰도르,여성,8,21,7,15,46,15,27,55,58,80,65,40
남아메리카주,베네수엘라,남성,18,25,20,33,28,25,35,38,46,64,41,58
남아메리카주,베네수엘라,여성,9,12,10,14,11,16,22,28,30,45,28,32
남아메리카주,코스타리카,남성,8,5,4,12,17,30,18,36,84,67,54,26
남아메리카주,코스타리카,여성,7,5,9,11,7,12,10,26,29,72,46,27
남아메리카주,파라과이,남성,2,3,2,4,9,51,24,33,45,50,29,14
남아메리카주,파라과이,여성,3,8,2,8,24,11,13,16,21,43,21,13
남아메리카주,파나마,남성,7,13,15,19,12,17,18,28,34,33,41,15
남아메리카주,파나마,여성,4,7,1,3,8,7,9,19,24,30,23,22
남아메리카주,도미니카공화국,남성,9,6,4,15,18,10,19,20,24,45,34,27
남아메리카주,도미니카공화국,여성,11,9,4,11,15,9,11,12,17,32,19,14
남아메리카주,과테말라,남성,4,9,5,7,16,13,22,22,22,44,47,13
남아메리카주,과테말라,여성,2,4,1,4,4,5,10,21,7,39,31,25
남아메리카주,엘살바도르,남성,10,6,8,15,15,16,15,20,33,40,29,21
남아메리카주,엘살바도르,여성,2,7,4,3,4,5,8,19,19,38,16,11
남아메리카주,자메이카,남성,15,7,7,8,9,19,14,20,26,44,16,21
남아메리카주,자메이카,여성,2,2,1,1,6,6,6,32,17,17,13,11
남아메리카주,온두라스,남성,4,4,0,11,12,5,40,8,29,30,25,14
남아메리카주,온두라스,여성,2,4,0,3,4,5,25,9,12,10,21,10
남아메리카주,볼리비아,남성,6,2,8,8,12,2,9,16,26,40,20,13
남아메리카주,볼리비아,여성,5,10,1,5,2,3,4,20,13,21,15,12
남아메리카주,세인트크리스토퍼네비스,남성,0,1,1,5,5,11,22,8,13,28,16,24
남아메리카주,세인트크리스토퍼네비스,여성,0,1,0,3,1,2,17,7,8,7,9,13
남아메리카주,아이티,남성,0,0,0,40,82,2,2,3,4,3,2,1
남아메리카주,아이티,여성,0,2,0,18,24,2,1,2,3,2,0,2
남아메리카주,우루과이,남성,2,1,1,4,9,9,3,10,18,23,14,16
남아메리카주,우루과이,여성,0,7,2,2,5,0,3,10,13,13,10,7
남아메리카주,트리니다드토바고,남성,7,2,3,6,9,8,12,7,10,11,9,6
남아메리카주,트리니다드토바고,여성,0,2,3,2,3,1,3,11,11,9,11,7
남아메리카주,도미니카연방,남성,0,4,4,5,8,7,9,11,17,21,15,16
남아메리카주,도미니카연방,여성,1,0,0,0,0,5,3,9,3,3,4,4
남아메리카주,쿠바,남성,1,3,1,1,1,6,20,6,6,7,8,6
남아메리카주,쿠바,여성,2,0,0,0,3,1,1,3,5,7,3,4
남아메리카주,니카라과,남성,1,2,1,2,5,0,7,8,8,8,5,2
남아메리카주,니카라과,여성,1,0,0,1,3,3,5,4,5,5,4,6
남아메리카주,그레나다,남성,0,0,0,0,2,0,2,5,2,10,3,10
남아메리카주,그레나다,여성,0,0,0,0,0,1,1,3,4,3,2,11
남아메리카주,바베이도스,남성,0,2,1,2,3,3,3,1,8,6,2,1
남아메리카주,바베이도스,여성,0,0,2,1,1,1,2,3,5,4,3,1
남아메리카주,앤티카바부다,남성,0,0,0,1,0,1,3,2,3,6,5,11
남아메리카주,앤티카바부다,여성,0,0,0,0,0,5,4,1,4,2,0,5
남아메리카주,바하마,남성,1,1,0,1,0,1,3,4,2,4,8,1
남아메리카주,바하마,여성,0,0,0,0,0,0,2,5,4,3,1,2
남아메리카주,벨리즈,남성,1,0,0,0,0,1,1,0,11,2,6,1
남아메리카주,벨리즈,여성,1,1,2,0,1,2,0,1,2,2,5,2
남아메리카주,세인트루시아,남성,0,0,0,0,2,0,1,1,7,4,4,3
남아메리카주,세인트루시아,여성,0,0,0,0,3,0,1,1,2,3,2,0
남아메리카주,가이아나,남성,1,1,0,0,1,0,3,2,1,2,3,1
남아메리카주,가이아나,여성,1,0,0,1,2,0,3,2,3,3,2,2
남아메리카주,세인트빈센트그레나딘,남성,0,1,1,0,2,2,4,2,3,1,3,0
남아메리카주,세인트빈센트그레나딘,여성,0,0,0,0,0,0,0,0,2,0,1,0
남아메리카주,수리남,남성,0,0,0,0,1,0,0,0,5,1,1,1
남아메리카주,수리남,여성,0,0,0,0,0,0,0,1,1,2,0,1
유럽주,독일,남성,1515,1649,1558,2623,3594,3793,4391,5531,5824,6283,5611,4163
유럽주,독일,여성,240,762,275,906,1175,1276,1790,3296,3285,3018,1694,1750
유럽주,프랑스,남성,1317,1702,1446,2234,2763,2855,3526,5156,4408,5587,4857,4070
유럽주,프랑스,여성,356,1171,284,1145,1523,1439,2539,3977,2940,4083,2397,2209
유럽주,러시아 (연방),남성,2560,2545,1927,2169,2737,3325,3785,3895,4186,4465,5037,5415
유럽주,러시아 (연방),여성,690,975,640,754,962,1351,2158,2725,2695,2489,2849,3476
유럽주,영국,남성,790,706,786,1485,2164,2414,2883,3656,3417,4232,3889,3646
유럽주,영국,여성,326,402,259,762,1024,1210,1730,2302,1959,2504,1720,2148
유럽주,네덜란드,남성,885,933,928,1417,1639,1612,2079,2027,2050,2389,2206,1830
유럽주,네덜란드,여성,61,244,66,320,372,419,801,901,742,877,560,600
유럽주,이탈리아,남성,349,372,403,665,1000,1010,1168,1359,1375,1922,1987,1181
유럽주,이탈리아,여성,90,216,95,195,347,356,451,1012,714,994,699,574
유럽주,스페인,남성,173,176,279,527,586,595,842,1141,986,1346,1260,890
유럽주,스페인,여성,84,178,125,310,241,336,513,1020,796,947,728,597
유럽주,우크라이나,남성,982,1062,899,782,900,951,1116,1026,907,1130,990,940
유럽주,우크라이나,여성,62,60,167,276,180,169,151,234,195,249,197,154
유럽주,폴란드,남성,359,416,363,484,650,767,711,769,927,1182,1122,871
유럽주,폴란드,여성,46,108,31,149,219,251,259,430,598,552,398,305
유럽주,스위스,남성,63,104,85,276,327,348,584,570,696,855,621,459
유럽주,스위스,여성,36,87,36,208,165,220,430,455,494,626,248,279
유럽주,벨기에,남성,175,199,162,279,388,404,503,556,607,737,697,492
유럽주,벨기에,여성,45,80,32,122,151,172,353,395,428,418,294,207
유럽주,스웨덴,남성,126,111,102,256,364,458,375,496,496,774,677,508
유럽주,스웨덴,여성,72,113,42,117,174,342,230,375,305,481,364,297
유럽주,오스트리아,남성,132,155,158,252,437,334,458,581,540,635,582,390
유럽주,오스트리아,여성,20,62,21,90,113,116,273,356,312,328,164,172
유럽주,덴마크,남성,120,139,94,261,340,317,384,474,442,647,543,318
유럽주,덴마크,여성,44,55,21,153,129,149,244,316,270,419,238,199
유럽주,루마니아,남성,348,346,401,321,344,358,404,388,434,593,403,362
유럽주,루마니아,여성,17,29,20,57,73,77,112,156,175,300,153,127
유럽주,그리스,남성,378,285,399,247,395,360,528,483,355,498,484,482
유럽주,그리스,여성,12,22,19,45,30,50,79,113,105,90,81,102
유럽주,핀란드,남성,252,282,126,233,322,344,256,316,329,534,522,491
유럽주,핀란드,여성,29,115,25,51,93,169,102,195,154,330,174,181
유럽주,노르웨이,남성,87,64,48,182,282,296,253,303,293,452,366,283
유럽주,노르웨이,여성,42,55,14,87,108,182,166,242,236,247,182,204
유럽주,아일랜드,남성,103,98,73,186,216,259,253,347,308,374,335,289
유럽주,아일랜드,여성,29,52,18,61,71,112,135,212,161,174,155,128
유럽주,포르투갈,남성,203,182,120,192,184,213,220,194,227,343,333,255
유럽주,포르투갈,여성,19,29,12,57,72,96,92,142,168,232,171,126
유럽주,헝가리,남성,103,118,121,154,204,193,202,212,247,326,278,263
유럽주,헝가리,여성,14,42,12,39,66,81,88,144,129,202,92,134
유럽주,불가리아,남성,206,145,232,185,231,260,368,272,230,245,183,197
유럽주,불가리아,여성,13,15,5,18,22,31,37,79,83,91,40,35
유럽주,체코,남성,45,48,46,136,127,140,212,206,237,320,432,211
유럽주,체코,여성,24,51,11,31,41,91,96,145,134,168,141,93
유럽주,크로아티아,남성,153,188,205,157,132,122,185,213,180,284,209,159
유럽주,크로아티아,여성,4,6,2,14,13,26,29,44,34,57,44,33
유럽주,영국보호민,남성,1,2,4,6,6,15,19,44,48,137,132,229
유럽주,영국보호민,여성,0,3,2,6,5,14,29,51,67,226,245,352
유럽주,리투아니아,남성,34,52,28,44,69,83,80,103,91,154,148,58
유럽주,리투아니아,여성,13,30,4,24,40,69,39,90,79,88,116,50
유럽주,아제르바이잔,남성,51,64,66,81,131,91,94,260,92,136,91,70
유럽주,아제르바이잔,여성,3,23,6,4,10,14,22,86,31,28,35,16
유럽주,라트비아,남성,61,60,58,48,97,81,126,138,102,124,113,113
유럽주,라트비아,여성,3,9,6,16,17,22,13,55,38,55,32,27
유럽주,슬로바크,남성,31,25,36,51,58,90,81,58,133,152,96,69
유럽주,슬로바크,여성,13,15,3,14,13,43,73,71,89,103,47,34
유럽주,세르비아,남성,45,31,42,57,49,74,72,62,83,125,81,78
유럽주,세르비아,여성,8,9,2,13,15,15,28,38,51,62,35,22
유럽주,조지아,남성,53,33,19,27,32,71,77,89,120,147,78,87
유럽주,조지아,여성,8,15,3,4,4,28,22,32,33,23,26,18
유럽주,에스토니아,남성,14,13,5,32,27,19,38,37,90,99,66,56
유럽주,에스토니아,여성,5,12,7,12,19,26,29,43,70,111,28,41
유럽주,몬테네그로,남성,22,34,64,62,65,45,107,47,56,92,61,108
유럽주,몬테네그로,여성,1,1,0,0,4,3,5,1,6,3,2,2
유럽주,벨로루시,남성,22,18,20,22,18,19,44,40,42,43,33,43
유럽주,벨로루시,여성,11,23,20,14,14,14,40,69,50,62,51,39
유럽주,슬로베니아,남성,16,13,9,10,32,28,47,58,52,75,84,44
유럽주,슬로베니아,여성,3,9,2,7,12,12,41,29,31,35,20,14
유럽주,룩셈부르크,남성,5,13,8,15,18,26,34,44,27,55,71,41
유럽주,룩셈부르크,여성,1,7,1,11,11,11,33,51,22,17,21,12
유럽주,아이슬란드,남성,76,21,15,20,25,7,14,25,25,42,84,24
유럽주,아이슬란드,여성,1,4,0,4,6,6,11,17,12,29,15,11
유럽주,알바니아,남성,4,2,2,8,15,8,14,9,15,24,26,14
유럽주,알바니아,여성,4,4,4,5,8,3,11,15,14,14,6,8
유럽주,유고슬라비아,남성,4,2,2,3,6,3,11,8,19,25,12,6
유럽주,유고슬라비아,여성,2,1,0,4,3,1,6,15,13,7,14,10
유럽주,몰타,남성,7,3,4,3,4,9,9,5,10,13,17,21
유럽주,몰타,여성,3,0,0,2,4,6,5,3,5,6,6,12
유럽주,몰도바,남성,7,6,5,5,5,12,9,14,10,13,10,9
유럽주,몰도바,여성,0,3,1,0,6,2,5,14,8,8,4,0
유럽주,아르메니아,남성,2,1,1,4,4,5,11,7,11,5,14,4
유럽주,아르메니아,여성,1,1,3,1,2,6,8,8,11,8,9,4
유럽주,보스니아-헤르체고비나,남성,4,8,9,10,1,9,11,3,10,7,14,17
유럽주,코소보,남성,1,0,1,3,4,0,3,2,0,3,3,6
유럽주,코소보,여성,1,0,1,0,0,0,0,1,4,2,1,0
유럽주,북마케도니아,남성,3,5,2,3,2,1,0,3,4,3,5,5
유럽주,영국해외영토시민,남성,4,4,6,1,2,2,5,5,5,0,0,0
유럽주,영국외지민,남성,1,3,1,0,1,0,2,2,1,5,9,5
유럽주,리히텐슈타인,남성,0,0,0,1,0,2,5,2,1,2,0,5
유럽주,리히텐슈타인,여성,0,0,0,0,0,0,2,1,1,1,1,2
유럽주,안도라,남성,0,0,1,0,0,0,0,5,0,4,1,1
유럽주,안도라,여성,0,0,0,1,0,1,0,1,2,1,0,0
유럽주,모나코,남성,0,1,0,1,0,0,2,2,2,1,1,0
유럽주,모나코,여성,0,0,1,0,0,0,3,0,1,1,0,0
유럽주,교황청,남성,0,1,1,1,1,0,2,1,1,2,1,1
유럽주,교황청,여성,0,0,0,0,0,0,0,0,0,0,1,0
유럽주,산마리노,남성,0,0,0,0,1,0,0,0,1,2,1,1
유럽주,산마리노,여성,0,0,0,0,0,1,0,0,0,0,0,0
오세아니아주,오스트레일리아,남성,408,378,476,1431,2100,2495,2583,2798,4369,4996,5230,8867
오세아니아주,오스트레일리아,여성,240,287,314,1097,1580,1734,1940,2135,3912,4179,4633,8221
오세아니아주,오스트레일리아,제3의성,0,0,0,0,0,0,0,0,0,1,0,0
오세아니아주,뉴질랜드,남성,135,148,154,312,504,605,695,713,1173,1578,1236,2267
오세아니아주,뉴질랜드,여성,67,69,80,207,339,385,477,483,823,966,899,1681
오세아니아주,뉴질랜드,제3의성,0,0,0,0,0,0,0,0,1,0,0,0
오세아니아주,피지,남성,6,4,2,4,13,22,11,29,28,41,31,30
오세아니아주,피지,여성,4,3,0,3,4,11,5,13,7,12,10,18
오세아니아주,키리바시,남성,5,10,38,13,4,9,21,5,3,13,1,0
오세아니아주,키리바시,여성,0,0,0,0,0,5,2,1,5,2,3,0
오세아니아주,파푸아뉴기니,남성,3,0,7,3,4,1,6,1,6,17,13,4
오세아니아주,파푸아뉴기니,여성,0,0,1,0,4,1,3,2,3,8,13,5
오세아니아주,마샬군도,남성,1,0,1,1,0,1,7,5,4,5,6,8
오세아니아주,마샬군도,여성,0,1,0,0,0,0,5,6,1,9,5,3
오세아니아주,바누아투,남성,0,2,0,7,2,3,6,5,5,7,9,7
오세아니아주,바누아투,여성,0,1,0,0,0,0,0,1,2,0,4,2
오세아니아주,사모아,남성,3,2,0,8,1,0,6,4,9,4,5,3
오세아니아주,사모아,여성,0,0,0,0,0,0,0,0,1,2,5,6
오세아니아주,통가,남성,0,0,3,3,0,0,17,5,6,6,3,1
오세아니아주,통가,여성,0,0,0,0,0,0,2,0,2,5,2,1
오세아니아주,팔라우,남성,0,0,0,2,0,0,3,4,4,4,1,2
오세아니아주,팔라우,여성,0,0,1,3,0,4,4,1,7,2,4,3
오세아니아주,솔로몬군도,남성,0,0,0,1,0,0,1,5,3,4,6,3
오세아니아주,솔로몬군도,여성,0,0,0,1,0,0,2,2,2,1,2,1
오세아니아주,나우루,남성,3,0,0,0,0,0,0,0,5,6,2,6
오세아니아주,나우루,여성,0,0,0,0,1,0,0,0,2,2,2,1
오세아니아주,미이크로네시아,남성,0,0,0,0,0,0,0,1,0,4,9,1
오세아니아주,미이크로네시아,여성,0,0,1,0,0,1,0,1,1,2,6,1
오세아니아주,투발루,남성,0,0,0,0,0,0,5,2,4,4,3,2
오세아니아주,투발루,여성,0,0,0,0,0,0,2,1,0,1,1,0
아프리카주,남아프리카공화국,남성,56,158,76,152,221,195,280,394,297,428,278,373
아프리카주,남아프리카공화국,여성,54,288,134,138,154,116,227,493,235,336,205,388
아프리카주,에티오피아,남성,238,206,210,183,391,399,443,497,484,577,568,511
아프리카주,에티오피아,여성,6,21,18,13,10,10,26,39,29,32,46,16
아프리카주,이집트,남성,186,156,198,164,222,315,286,338,366,481,415,315
아프리카주,이집트,여성,14,41,31,23,34,32,46,83,78,78,40,71
아프리카주,모로코,남성,64,77,76,63,116,127,129,191,174,234,215,216
아프리카주,모로코,여성,13,60,25,29,97,86,94,201,135,134,117,114
아프리카주,나이지리아,남성,28,66,65,39,145,68,76,142,193,296,103,96
아프리카주,나이지리아,여성,7,20,19,14,49,26,27,65,67,82,15,39
아프리카주,리비아,남성,104,153,183,50,85,68,86,89,116,118,99,110
아프리카주,리비아,여성,7,10,20,5,3,2,8,16,16,18,3,2
아프리카주,케냐,남성,34,66,46,60,56,68,58,85,75,141,205,58
아프리카주,케냐,여성,8,20,11,22,26,23,40,54,31,72,77,22
아프리카주,튀니지,남성,34,31,54,45,56,79,75,65,102,105,137,137
아프리카주,튀니지,여성,8,14,8,11,31,21,43,37,48,47,53,63
아프리카주,가나,남성,18,47,30,45,43,72,121,129,115,124,118,67
아프리카주,가나,여성,3,17,3,5,9,10,16,41,34,31,27,13
아프리카주,탄자니아,남성,30,50,16,35,38,35,82,117,73,158,52,36
아프리카주,탄자니아,여성,8,16,7,4,8,5,14,38,16,35,16,4
아프리카주,알제리,남성,12,24,24,21,34,29,52,44,71,84,85,65
아프리카주,알제리,여성,8,13,9,5,10,10,17,34,27,26,24,16
아프리카주,우간다,남성,13,18,10,9,13,12,25,54,57,82,44,18
아프리카주,우간다,여성,7,8,6,4,11,7,14,38,27,37,19,12
아프리카주,수단,남성,6,18,11,17,17,20,22,52,39,58,69,34
아프리카주,수단,여성,0,5,1,2,3,7,9,19,7,22,10,1
아프리카주,카메룬,남성,17,17,20,6,24,9,18,42,78,31,24,20
아프리카주,카메룬,여성,4,9,5,1,9,6,21,28,16,19,8,6
아프리카주,르완다,남성,9,11,7,15,9,6,37,43,35,32,27,27
아프리카주,르완다,여성,4,9,3,7,4,9,14,13,13,18,18,6
아프리카주,콩고민주공화국,남성,6,4,8,5,15,8,12,40,37,27,80,5
아프리카주,콩고민주공화국,여성,3,11,0,4,7,1,10,12,17,20,19,7
아프리카주,세네갈,남성,9,15,10,15,8,23,18,29,14,55,34,11
아프리카주,세네갈,여성,6,6,5,0,4,2,6,19,5,15,7,2
아프리카주,코트디부아르,남성,10,9,10,7,11,26,19,31,13,20,45,9
아프리카주,코트디부아르,여성,3,3,0,2,0,10,13,13,7,5,4,4
아프리카주,모리셔스,남성,3,5,3,6,8,12,14,15,18,24,24,25
아프리카주,모리셔스,여성,1,2,0,1,6,5,7,15,14,15,12,17
아프리카주,짐바브웨,남성,9,6,3,6,11,11,14,18,15,38,23,4
아프리카주,짐바브웨,여성,5,5,3,2,5,5,7,10,9,13,10,10
아프리카주,잠비아,남성,1,11,3,8,4,7,27,14,13,21,5,14
아프리카주,잠비아,여성,0,3,5,1,1,4,12,16,6,14,3,7
아프리카주,부룬디,남성,1,9,7,12,4,8,9,23,23,27,10,8
아프리카주,부룬디,여성,1,4,0,3,2,0,2,8,6,15,4,2
아프리카주,앙골라,남성,4,5,5,7,12,5,27,9,14,20,16,3
아프리카주,앙골라,여성,1,3,2,5,7,2,11,7,10,2,6,2
아프리카주,모잠비크,남성,13,1,1,1,5,15,9,10,15,24,16,8
아프리카주,모잠비크,여성,0,1,0,1,1,4,2,16,6,6,5,1
아프리카주,말리,남성,2,4,8,4,17,9,11,22,17,21,7,8
아프리카주,말리,여성,0,0,1,2,0,2,0,3,1,2,0,3
아프리카주,가봉,남성,1,3,1,1,6,5,31,9,7,13,4,5
아프리카주,가봉,여성,0,5,4,2,2,0,10,10,5,9,3,6
아프리카주,말라위,남성,0,8,3,2,4,1,4,18,1,17,27,3
아프리카주,말라위,여성,0,5,4,0,4,1,2,12,4,10,3,3
아프리카주,보츠와나,남성,3,1,0,6,1,4,14,12,5,7,11,2
아프리카주,보츠와나,여성,1,3,1,1,3,4,13,6,7,13,9,2
아프리카주,라이베리아,남성,0,2,2,4,3,9,18,8,13,9,4,5
아프리카주,라이베리아,여성,0,0,1,0,0,3,9,4,9,3,3,3
아프리카주,마다가스카르,남성,0,0,1,4,2,5,3,7,10,8,5,2
아프리카주,마다가스카르,여성,0,4,0,1,2,2,8,13,6,7,3,2
아프리카주,감비아,남성,2,2,0,6,4,2,8,10,5,12,7,13
아프리카주,감비아,여성,0,0,0,2,0,0,2,3,5,8,0,0
아프리카주,기니,남성,8,1,2,1,6,3,12,6,5,5,10,3
아프리카주,기니,여성,0,2,1,0,1,1,1,1,0,1,2,1
아프리카주,시에라리온,남성,3,3,1,1,6,3,5,5,2,11,3,6
아프리카주,시에라리온,여성,0,0,1,0,2,6,2,3,1,2,2,1
아프리카주,에스와티니,남성,0,1,0,2,2,0,3,0,5,12,6,3
아프리카주,에스와티니,여성,0,3,0,1,1,4,4,3,6,10,1,0
아프리카주,부르키나파소,남성,1,1,1,1,7,7,3,11,7,14,7,0
아프리카주,부르키나파소,여성,0,1,1,0,1,1,1,1,0,0,0,0
아프리카주,나미비아,남성,0,1,1,1,4,3,8,4,8,2,3,3
아프리카주,나미비아,여성,1,0,0,0,1,2,9,0,2,5,2,3
아프리카주,세이셸,남성,2,5,2,2,3,2,3,3,7,9,5,4
아프리카주,세이셸,여성,0,0,0,0,0,2,0,0,1,5,2,0
아프리카주,중앙아프리카공화국,남성,1,0,2,0,12,1,1,2,3,18,8,0
아프리카주,중앙아프리카공화국,여성,0,0,0,0,1,0,0,0,0,7,0,0
아프리카주,베냉,남성,1,1,1,2,3,5,4,11,6,3,3,1
아프리카주,베냉,여성,2,0,0,0,2,0,0,0,2,5,0,0
아프리카주,토고,남성,2,0,2,0,2,2,6,3,6,6,2,0
아프리카주,토고,여성,3,0,0,0,2,0,1,1,2,2,0,0
아프리카주,레소토,남성,0,0,0,1,6,3,1,0,1,2,1,3
아프리카주,레소토,여성,0,2,1,0,7,1,1,0,1,4,1,2
아프리카주,니제르,남성,0,0,1,0,4,6,0,16,2,6,2,0
아프리카주,니제르,여성,0,0,0,0,0,0,0,0,0,1,0,0
아프리카주,콩고,남성,0,1,2,5,3,2,2,3,1,5,2,2
아프리카주,콩고,여성,0,0,0,1,1,0,1,1,0,3,0,0
아프리카주,차드,남성,0,1,4,0,0,0,2,8,3,4,2,1
아프리카주,차드,여성,0,1,0,0,0,0,0,1,1,0,0,0
아프리카주,적도기니,남성,0,1,0,1,6,1,1,0,3,2,0,3
아프리카주,적도기니,여성,0,0,0,1,2,2,0,0,0,2,1,0
아프리카주,카보베르데,남성,3,0,0,0,0,7,0,0,0,2,2,6
아프리카주,카보베르데,여성,0,0,0,0,0,0,0,2,0,1,0,0
아프리카주,코모로,남성,0,3,0,0,0,0,0,5,1,5,0,1
아프리카주,코모로,여성,0,1,0,0,0,0,0,1,1,4,0,0
아프리카주,소말리아,남성,3,0,0,0,2,0,1,2,3,1,1,1
아프리카주,소말리아,여성,0,0,0,0,0,0,1,3,1,1,1,1
아프리카주,모리타니,남성,0,1,0,0,1,1,0,2,2,8,1,1
아프리카주,모리타니,여성,0,0,0,0,0,0,0,1,0,2,0,0
아프리카주,남수단공화국,남성,0,2,0,0,0,0,4,3,0,2,0,0
아프리카주,남수단공화국,여성,0,0,0,0,0,0,0,0,4,0,0,0
아프리카주,기니비사우,남성,1,0,0,0,1,3,3,0,0,2,0,0
아프리카주,기니비사우,여성,0,0,0,0,1,0,0,1,0,0,0,2
아프리카주,지부티,남성,1,0,0,0,1,1,0,2,0,1,2,0
아프리카주,지부티,여성,0,1,0,0,0,0,0,1,0,2,0,0
아프리카주,에리트레아,남성,0,1,1,0,0,0,0,1,2,0,1,1
아프리카주,에리트레아,여성,0,0,1,0,0,0,0,0,1,1,1,0
아프리카주,상투메프린시페,남성,0,0,0,0,3,0,0,1,2,1,0,0
아프리카주,상투메프린시페,여성,0,0,0,0,0,0,0,1,0,0,0,0
기타,기타,남성,11,45,16,30,56,27,79,66,76,93,117,72
기타,기타,여성,1,5,5,9,21,12,25,32,41,43,85,35
